customer_id,customer_region,customer_age,vendor_count,product_count,chain_orders,first_order,last_order,last_promo,payment_method,CUI_American,CUI_Asian,CUI_Beverages,CUI_Cafe,CUI_Chicken Dishes,CUI_Chinese,CUI_Desserts,CUI_Healthy,CUI_Indian,CUI_Italian,CUI_Japanese,CUI_Noodle Dishes,CUI_OTHER,CUI_Street Food / Snacks,CUI_Thai,DOW_0,DOW_1,DOW_2,DOW_3,DOW_4,DOW_5,DOW_6,HR_1,HR_2,HR_3,HR_4,HR_5,HR_6,HR_7,HR_8,HR_9,HR_10,HR_11,HR_12,HR_13,HR_14,HR_15,HR_16,HR_17,HR_18,HR_19,HR_20,HR_21,HR_22,HR_23,total_cui_spending,total_orders,generation,weekend_orders,weekday_orders,orders_dawn,orders_morning,orders_afternoon,orders_evening,order_recency,avg_daily_orders,avg_order_value,promo_used,city,cui_asian_origin,cui_western,cui_other_origin,cui_main_dishes,cui_snacks_beverages,prop_cui_american,prop_cui_asian,prop_cui_beverages,prop_cui_cafe,prop_cui_chicken dishes,prop_cui_chinese,prop_cui_desserts,prop_cui_healthy,prop_cui_indian,prop_cui_italian,prop_cui_japanese,prop_cui_noodle dishes,prop_cui_other,prop_cui_street food / snacks,prop_cui_thai,prop_cui_asian_origin,prop_cui_western,prop_cui_other_origin,prop_cui_main_dishes,prop_cui_snacks_beverages,prop_chain_orders,prop_weekend_orders,prop_weekday_orders,prop_orders_dawn,prop_orders_morning,prop_orders_afternoon,prop_orders_evening,products_per_vendor
7b0661a6ba,2360,30,1,19,14,0,43,FREEBIE,CARD,0.0,0.0,0.0,0.0,0.0,0.0,0.0,0.0,50.86,0.0,0.0,0.0,0.0,0.0,0.0,4,3,3,0,1,2,1,0,0,0,0,0,0,0,4,3,2,0,1,2,1,0,0,0,0,0,1,0,0,0,50.86,14,Millennials,5,9,0,9,4,1,0.4777777777777778,0.15555555555555556,3.632857142857143,1,2,50.86,0.0,0.0,50.86,0.0,0.0,0.0,0.0,0.0,0.0,0.0,0.0,0.0,1.0,0.0,0.0,0.0,0.0,0.0,0.0,1.0,0.0,0.0,1.0,0.0,1.0,0.35714285714285715,0.6428571428571429,0.0,0.6428571428571429,0.2857142857142857,0.07142857142857142,19.0
249ba584d3,4660,34,4,95,8,0,71,NOPROMO,CARD,0.0,896.71,0.0,9.08,0.0,0.0,0.0,0.0,0.0,2.07,0.0,0.0,0.0,0.0,0.0,8,9,9,8,10,4,6,0,0,0,0,0,0,1,0,0,0,3,13,11,6,7,10,3,0,0,0,0,0,0,907.8600000000001,54,Millennials,14,40,0,4,50,0,0.7888888888888889,0.6,16.812222222222225,0,4,896.71,2.07,0.0,898.7800000000001,9.08,0.0,0.9877183706738923,0.0,0.010001542087987134,0.0,0.0,0.0,0.0,0.0,0.0022800872381204145,0.0,0.0,0.0,0.0,0.0,0.9877183706738923,0.0022800872381204145,0.0,0.9899984579120128,0.010001542087987134,0.14814814814814814,0.25925925925925924,0.7407407407407407,0.0,0.07407407407407407,0.9259259259259259,0.0,23.75
61327c3c6c,4660,39,16,64,27,0,75,NOPROMO,CARD,13.01,104.96,0.0,197.09,0.0,0.0,0.0,0.0,11.4,44.13,51.21,0.0,41.83,0.0,0.0,10,6,7,2,7,4,6,0,0,0,0,0,2,6,2,2,4,1,1,3,0,1,2,7,3,7,1,0,0,0,463.62999999999994,42,Millennials,16,26,0,17,14,11,0.8333333333333334,0.4666666666666667,11.038809523809523,0,4,167.57,57.14,41.83,266.53999999999996,197.09,0.028061169467031903,0.22638742100381773,0.0,0.4251019131635141,0.0,0.0,0.0,0.0,0.024588572784332338,0.09518365938356019,0.11045445721804026,0.0,0.09022280697970365,0.0,0.0,0.3614304510061903,0.12324482885059208,0.09022280697970365,0.574898086836486,0.4251019131635141,0.6428571428571429,0.38095238095238093,0.6190476190476191,0.0,0.40476190476190477,0.3333333333333333,0.2619047619047619,4.0
0df875b8cf,4140,21,2,27,0,0,79,NOPROMO,CARD,0.0,0.0,0.0,0.0,0.0,0.0,0.0,0.0,0.0,147.63,9.8,0.0,0.0,0.0,0.0,4,3,3,2,2,3,4,0,0,0,0,0,0,0,0,0,2,1,3,1,2,1,0,1,2,6,1,1,0,0,157.43,21,Gen_Z,8,13,0,3,8,10,0.8777777777777778,0.23333333333333334,7.496666666666667,0,4,9.8,147.63,0.0,157.43,0.0,0.0,0.0,0.0,0.0,0.0,0.0,0.0,0.0,0.0,0.9377501111605158,0.062249888839484215,0.0,0.0,0.0,0.0,0.062249888839484215,0.9377501111605158,0.0,1.0,0.0,0.0,0.38095238095238093,0.6190476190476191,0.0,0.14285714285714285,0.38095238095238093,0.47619047619047616,13.5
f11fd892ac,8670,26,25,47,12,0,80,DELIVERY,CARD,12.77,102.2,5.95,0.0,0.0,24.26,0.0,122.22,0.0,0.0,12.74,0.0,0.0,187.23,0.0,8,3,2,5,4,4,7,0,0,2,5,4,1,0,1,0,1,14,1,0,3,1,0,0,0,0,0,0,0,0,467.37,33,Millennials,15,18,11,17,5,0,0.8888888888888888,0.36666666666666664,14.162727272727272,1,8,139.20000000000002,12.77,0.0,151.97000000000003,193.17999999999998,0.027323105890408025,0.2186704324197103,0.012730812846352997,0.0,0.0,0.0519074822945418,0.0,0.2615058732909686,0.0,0.0,0.027258916918073476,0.0,0.0,0.40060337633994475,0.0,0.2978368316323256,0.027323105890408025,0.0,0.32515993752273364,0.4133341891862977,0.36363636363636365,0.45454545454545453,0.5454545454545454,0.3333333333333333,0.5151515151515151,0.15151515151515152,0.0,1.88
53ff104b0a,8670,61,15,41,18,0,83,NOPROMO,DIGI,0.0,337.89,61.7,0.0,0.0,18.29,36.16,0.0,0.0,0.0,0.0,0.0,0.0,30.06,0.0,4,4,2,3,3,4,2,0,0,4,1,0,0,1,0,8,3,2,2,0,1,0,0,0,0,0,0,0,0,0,484.09999999999997,22,Baby_Boomers,6,16,5,14,3,0,0.9222222222222223,0.24444444444444444,22.004545454545454,0,8,356.18,0.0,0.0,356.18,127.92,0.0,0.6979756248708945,0.12745300557736006,0.0,0.0,0.03778145011361289,0.07469531088618053,0.0,0.0,0.0,0.0,0.0,0.0,0.06209460855195208,0.0,0.7357570749845074,0.0,0.0,0.7357570749845074,0.2642429250154927,0.8181818181818182,0.2727272727272727,0.7272727272727273,0.22727272727272727,0.6363636363636364,0.13636363636363635,0.0,2.7333333333333334
eaeb503d37,4140,28,1,20,0,0,84,NOPROMO,CARD,0.0,0.0,0.0,0.0,0.0,0.0,0.0,0.0,0.0,97.81,0.0,0.0,0.0,0.0,0.0,3,1,3,1,0,2,3,0,0,0,0,0,0,0,0,0,1,0,1,1,1,2,2,1,4,0,0,0,0,0,97.81,13,Millennials,6,7,0,1,8,4,0.9333333333333333,0.14444444444444443,7.523846153846154,0,4,0.0,97.81,0.0,97.81,0.0,0.0,0.0,0.0,0.0,0.0,0.0,0.0,0.0,0.0,1.0,0.0,0.0,0.0,0.0,0.0,0.0,1.0,0.0,1.0,0.0,0.0,0.46153846153846156,0.5384615384615384,0.0,0.07692307692307693,0.6153846153846154,0.3076923076923077,20.0
f539d67c11,4140,21,1,20,0,0,84,NOPROMO,CARD,0.0,0.0,0.0,0.0,0.0,0.0,0.0,0.0,0.0,91.03,0.0,0.0,0.0,0.0,0.0,3,2,2,1,1,2,6,0,0,0,0,0,0,0,0,0,6,5,1,1,0,1,2,0,0,1,0,0,0,0,91.03,17,Gen_Z,9,8,0,11,5,1,0.9333333333333333,0.18888888888888888,5.354705882352941,0,4,0.0,91.03,0.0,91.03,0.0,0.0,0.0,0.0,0.0,0.0,0.0,0.0,0.0,0.0,1.0,0.0,0.0,0.0,0.0,0.0,0.0,1.0,0.0,1.0,0.0,0.0,0.5294117647058824,0.47058823529411764,0.0,0.6470588235294118,0.29411764705882354,0.058823529411764705,20.0
40bb8ab272,8670,25,3,19,3,0,85,NOPROMO,CARD,0.0,0.0,0.0,0.0,0.0,0.0,0.0,0.0,0.0,0.0,0.0,0.0,0.0,246.72,0.0,2,1,0,1,2,0,2,0,0,0,0,0,0,0,0,0,0,1,0,5,2,0,0,0,0,0,0,0,0,0,246.72,8,Gen_Z,4,4,0,1,7,0,0.9444444444444444,0.08888888888888889,30.84,0,8,0.0,0.0,0.0,0.0,246.72,0.0,0.0,0.0,0.0,0.0,0.0,0.0,0.0,0.0,0.0,0.0,0.0,0.0,1.0,0.0,0.0,0.0,0.0,0.0,1.0,0.375,0.5,0.5,0.0,0.125,0.875,0.0,6.333333333333333
89ebb923a9,4660,46,6,54,31,0,85,NOPROMO,CARD,156.73,10.41,0.0,0.0,0.0,0.0,0.0,0.0,0.0,0.0,6.78,0.0,139.42,0.0,0.0,4,8,6,5,3,9,6,0,0,0,0,0,0,0,0,0,5,5,0,5,9,5,6,4,0,1,1,0,0,0,313.34,41,Gen_X,10,31,0,10,29,2,0.9444444444444444,0.45555555555555555,7.642439024390243,0,4,17.19,156.73,139.42,313.34,0.0,0.5001914852875471,0.03322269738941725,0.0,0.0,0.0,0.0,0.0,0.0,0.0,0.0,0.021637837492819303,0.0,0.4449479798302164,0.0,0.0,0.05486053488223656,0.5001914852875471,0.4449479798302164,1.0,0.0,0.7560975609756098,0.24390243902439024,0.7560975609756098,0.0,0.24390243902439024,0.7073170731707317,0.04878048780487805,9.0
8dfad5f8e4,4660,26,4,45,0,0,85,NOPROMO,CARD,0.0,0.0,0.0,0.0,0.0,0.0,0.0,0.0,0.0,276.22,0.0,0.0,50.76,0.0,0.0,7,6,7,4,6,4,4,0,0,0,0,0,1,2,6,6,9,2,0,0,0,1,1,7,3,0,0,0,0,0,326.98,38,Millennials,11,27,0,26,9,3,0.9444444444444444,0.4222222222222222,8.604736842105263,0,4,0.0,276.22,50.76,326.98,0.0,0.0,0.0,0.0,0.0,0.0,0.0,0.0,0.0,0.0,0.8447611474707933,0.0,0.0,0.15523885252920666,0.0,0.0,0.0,0.8447611474707933,0.15523885252920666,1.0,0.0,0.0,0.2894736842105263,0.7105263157894737,0.0,0.6842105263157895,0.23684210526315788,0.07894736842105263,11.25
9fe492b40e,2360,23,6,63,37,0,85,NOPROMO,CARD,174.41,0.0,0.0,0.0,0.0,0.0,4.93,0.0,67.28,8.61,0.0,0.0,0.0,0.0,0.0,3,4,3,4,4,7,12,2,0,0,0,0,0,4,10,1,0,2,0,0,0,2,2,3,1,4,4,2,0,0,255.23000000000002,37,Gen_Z,15,22,2,17,7,11,0.9444444444444444,0.4111111111111111,6.898108108108109,0,2,67.28,183.01999999999998,0.0,250.3,4.93,0.683344434431689,0.0,0.0,0.0,0.0,0.0,0.01931591113897269,0.0,0.2636053755436273,0.03373427888571092,0.0,0.0,0.0,0.0,0.0,0.2636053755436273,0.7170787133173999,0.0,0.9806840888610273,0.01931591113897269,1.0,0.40540540540540543,0.5945945945945946,0.05405405405405406,0.4594594594594595,0.1891891891891892,0.2972972972972973,10.5
114ca085bb,2360,25,18,79,30,0,86,DELIVERY,CARD,0.0,20.64,27.99,15.53,6.24,18.43,0.0,209.81,0.0,0.0,0.0,21.42,63.49,0.0,4.84,4,4,8,3,8,11,9,0,0,0,0,0,0,0,0,0,4,2,8,1,6,10,9,4,2,1,0,0,0,0,388.39,47,Gen_Z,13,34,0,6,38,3,0.9555555555555556,0.5222222222222223,8.263617021276595,1,2,43.91,0.0,91.15,135.06,43.519999999999996,0.0,0.05314245989855558,0.0720667370426633,0.039985581503128295,0.016066325085609828,0.047452303097402095,0.0,0.540204433687788,0.0,0.0,0.0,0.05515075053425681,0.16346970828291152,0.0,0.012461700867684543,0.11305646386364221,0.0,0.23468678390277817,0.34774324776642035,0.11205231854579159,0.6382978723404256,0.2765957446808511,0.723404255319149,0.0,0.1276595744680851,0.8085106382978723,0.06382978723404255,4.388888888888889
c1fecc0f39,4660,26,14,70,9,0,86,NOPROMO,CARD,12.56,192.28,0.0,0.0,3.64,113.58,0.0,0.0,30.28,0.0,20.04,0.0,75.79,0.0,0.0,9,13,6,10,6,8,11,0,0,0,0,0,0,0,0,4,17,5,0,1,0,5,13,14,4,0,0,0,0,0,448.1700000000001,63,Millennials,20,43,0,26,33,4,0.9555555555555556,0.7,7.113809523809525,0,4,356.18000000000006,12.56,79.43,448.1700000000001,0.0,0.028025079768837714,0.42903362563313024,0.0,0.0,0.008121918022179082,0.25343061784590665,0.0,0.0,0.06756364772296226,0.0,0.04471517504518374,0.0,0.16910993596180018,0.0,0.0,0.794743066247183,0.028025079768837714,0.17723185398397928,1.0,0.0,0.14285714285714285,0.31746031746031744,0.6825396825396826,0.0,0.4126984126984127,0.5238095238095238,0.06349206349206349,5.0
2fc7f78176,4660,25,1,20,15,0,87,FREEBIE,CASH,0.0,0.0,0.0,0.0,0.0,0.0,0.0,0.0,0.0,80.57,0.0,0.0,0.0,0.0,0.0,0,3,5,1,2,2,2,0,0,0,0,0,0,0,0,0,0,1,0,0,1,0,2,4,7,0,0,0,0,0,80.57,15,Gen_Z,2,13,0,1,7,7,0.9666666666666667,0.16666666666666666,5.371333333333333,1,4,0.0,80.57,0.0,80.57,0.0,0.0,0.0,0.0,0.0,0.0,0.0,0.0,0.0,0.0,1.0,0.0,0.0,0.0,0.0,0.0,0.0,1.0,0.0,1.0,0.0,1.0,0.13333333333333333,0.8666666666666667,0.0,0.06666666666666667,0.4666666666666667,0.4666666666666667,20.0
3bbad690c8,4660,25,7,53,9,0,87,NOPROMO,CARD,15.55,119.73,0.0,0.0,0.0,0.0,0.0,0.0,6.53,12.63,240.16,0.0,21.18,0.0,0.0,5,3,4,3,2,3,6,0,0,0,0,0,0,0,0,2,6,5,2,0,1,1,2,3,4,0,0,0,0,0,415.78000000000003,26,Gen_Z,11,15,0,13,9,4,0.9666666666666667,0.28888888888888886,15.991538461538463,0,4,366.41999999999996,28.18,21.18,415.78,0.0,0.037399586319688295,0.28796478907114337,0.0,0.0,0.0,0.0,0.0,0.0,0.015705421136177785,0.030376641493097312,0.5776131608061955,0.0,0.05094040117369762,0.0,0.0,0.8812833710135166,0.0677762278127856,0.05094040117369762,0.9999999999999999,0.0,0.34615384615384615,0.4230769230769231,0.5769230769230769,0.0,0.5,0.34615384615384615,0.15384615384615385,7.571428571428571
7d989d40a2,2360,31,2,79,0,0,87,DISCOUNT,DIGI,0.0,0.0,0.0,0.0,0.0,435.64,0.0,0.0,0.0,0.0,0.0,0.0,0.0,0.0,0.0,8,8,8,8,5,4,6,0,0,0,0,0,0,0,0,0,0,0,0,0,0,0,0,0,0,4,36,6,1,0,435.64,47,Millennials,14,33,0,0,0,47,0.9666666666666667,0.5222222222222223,9.268936170212765,1,2,435.64,0.0,0.0,435.64,0.0,0.0,0.0,0.0,0.0,0.0,1.0,0.0,0.0,0.0,0.0,0.0,0.0,0.0,0.0,0.0,1.0,0.0,0.0,1.0,0.0,0.0,0.2978723404255319,0.7021276595744681,0.0,0.0,0.0,1.0,39.5
a834c8f874,4660,29,4,46,0,0,87,NOPROMO,CARD,0.0,0.0,0.0,0.0,0.0,0.0,0.0,0.0,0.0,258.24,0.0,0.0,0.0,0.0,0.0,1,3,5,5,5,5,8,0,0,0,0,0,0,1,0,4,8,2,3,1,1,8,0,1,0,0,3,0,0,0,258.24,32,Millennials,9,23,0,15,14,3,0.9666666666666667,0.35555555555555557,8.07,0,4,0.0,258.24,0.0,258.24,0.0,0.0,0.0,0.0,0.0,0.0,0.0,0.0,0.0,0.0,1.0,0.0,0.0,0.0,0.0,0.0,0.0,1.0,0.0,1.0,0.0,0.0,0.28125,0.71875,0.0,0.46875,0.4375,0.09375,11.5
910e70571d,4660,41,18,117,26,0,88,NOPROMO,CARD,104.95,14.44,0.0,21.7,0.0,0.0,0.0,7.71,28.13,109.05,0.0,0.0,243.18,0.0,59.2,11,13,14,17,11,12,12,0,0,0,0,0,0,0,0,1,4,21,9,4,1,1,6,9,24,10,0,0,0,0,588.3600000000001,90,Millennials,23,67,0,26,30,34,0.9777777777777777,1.0,6.5373333333333346,0,4,101.77,214.0,243.18,558.95,21.7,0.17837718403698413,0.02454279692705146,0.0,0.03688218097763273,0.0,0.0,0.0,0.013104221904956146,0.04781086409681146,0.1853457067101774,0.0,0.0,0.413318376504181,0.0,0.10061866884220544,0.17297232986606834,0.3637228907471615,0.413318376504181,0.950013597117411,0.03688218097763273,0.28888888888888886,0.25555555555555554,0.7444444444444445,0.0,0.28888888888888886,0.3333333333333333,0.37777777777777777,6.5
92ced2dcb9,2360,23,40,269,81,0,88,NOPROMO,CARD,19.08,70.01,37.92,18.3,0.0,739.73,0.0,0.0,0.0,20.11,84.05,197.84,109.31,12.34,109.64,15,17,14,10,9,9,20,0,0,0,0,0,0,0,0,1,3,9,12,3,4,3,8,14,7,15,9,2,2,2,1418.33,94,Gen_Z,35,59,0,13,44,37,0.9777777777777777,1.0444444444444445,15.088617021276596,0,2,1003.43,39.19,307.15,1349.7699999999998,68.56,0.013452440546276255,0.04936086806314469,0.026735668003920104,0.012902498008220938,0.0,0.5215499918918729,0.0,0.0,0.0,0.014178646718323662,0.05925983374814042,0.13948798939597978,0.07706951132670113,0.008700372973849528,0.07730217932357068,0.7074728730267286,0.027631087264599917,0.2165575007226809,0.9516614610140093,0.04833853898599057,0.8617021276595744,0.3723404255319149,0.6276595744680851,0.0,0.13829787234042554,0.46808510638297873,0.39361702127659576,6.725
9b3b6bf884,8670,31,24,46,14,0,88,FREEBIE,CARD,97.86,159.34,5.98,0.0,0.0,37.25,0.0,0.0,0.0,0.0,53.92,0.0,0.0,111.48,0.0,9,1,7,9,1,0,5,4,0,2,2,2,1,2,1,2,2,2,3,2,1,0,1,0,0,0,0,0,1,2,465.83000000000004,32,Millennials,14,18,10,10,7,3,0.9777777777777777,0.35555555555555557,14.557187500000001,1,8,250.51,97.86,0.0,348.37,117.46000000000001,0.2100766373999098,0.3420561148916987,0.012837301161367881,0.0,0.0,0.07996479402357082,0.0,0.0,0.0,0.0,0.11575038104029366,0.0,0.0,0.23931477148315908,0.0,0.5377712899555631,0.2100766373999098,0.0,0.747847927355473,0.252152072644527,0.4375,0.4375,0.5625,0.3125,0.3125,0.21875,0.09375,1.9166666666666667
cc858e5244,4660,23,1,20,0,0,88,NOPROMO,CARD,0.0,0.0,0.0,0.0,0.0,195.3,0.0,0.0,0.0,0.0,0.0,0.0,0.0,0.0,0.0,1,4,1,6,2,0,1,0,0,0,0,0,0,0,0,1,1,0,0,1,3,8,1,0,0,0,0,0,0,0,195.3,15,Gen_Z,2,13,0,2,13,0,0.9777777777777777,0.16666666666666666,13.020000000000001,0,4,195.3,0.0,0.0,195.3,0.0,0.0,0.0,0.0,0.0,0.0,1.0,0.0,0.0,0.0,0.0,0.0,0.0,0.0,0.0,0.0,1.0,0.0,0.0,1.0,0.0,0.0,0.13333333333333333,0.8666666666666667,0.0,0.13333333333333333,0.8666666666666667,0.0,20.0
25e78bdead,4140,31,3,38,0,0,89,NOPROMO,CARD,0.0,0.0,0.0,0.0,0.0,0.0,0.0,0.0,0.0,177.65,0.0,0.0,0.0,0.0,0.0,2,2,4,8,4,6,6,0,0,0,0,0,0,0,1,1,2,4,0,3,2,3,6,4,3,2,1,0,0,0,177.65,32,Millennials,8,24,0,8,18,6,0.9888888888888889,0.35555555555555557,5.5515625,0,4,0.0,177.65,0.0,177.65,0.0,0.0,0.0,0.0,0.0,0.0,0.0,0.0,0.0,0.0,1.0,0.0,0.0,0.0,0.0,0.0,0.0,1.0,0.0,1.0,0.0,0.0,0.25,0.75,0.0,0.25,0.5625,0.1875,12.666666666666666
5460ff45d1,8670,38,9,57,31,0,89,NOPROMO,CARD,17.61,537.49,0.0,0.0,0.0,0.0,0.0,0.0,0.0,0.0,66.69,0.0,0.0,0.0,0.0,3,4,4,7,7,5,7,0,0,7,14,4,0,0,0,0,1,4,4,2,0,1,0,0,0,0,0,0,0,0,621.79,37,Millennials,10,27,25,5,7,0,0.9888888888888889,0.4111111111111111,16.805135135135135,0,8,604.1800000000001,17.61,0.0,621.7900000000001,0.0,0.028321459013493304,0.8644236800205858,0.0,0.0,0.0,0.0,0.0,0.0,0.0,0.0,0.10725486096592098,0.0,0.0,0.0,0.0,0.9716785409865069,0.028321459013493304,0.0,1.0000000000000002,0.0,0.8378378378378378,0.2702702702702703,0.7297297297297297,0.6756756756756757,0.13513513513513514,0.1891891891891892,0.0,6.333333333333333
6e0131afeb,2360,25,14,81,33,0,89,NOPROMO,CARD,27.88,1.96,30.22,0.0,0.0,12.47,0.0,0.0,0.0,8.63,0.0,275.11,32.05,0.0,0.0,10,8,3,3,5,4,4,0,0,0,0,0,0,0,0,1,2,13,1,5,1,0,0,0,0,2,3,6,3,0,388.32,37,Gen_Z,14,23,0,16,7,14,0.9888888888888889,0.4111111111111111,10.495135135135135,0,2,14.43,36.51,307.16,358.1,30.22,0.07179645653069633,0.0050473836011536875,0.07782241450350226,0.0,0.0,0.032112690564482904,0.0,0.0,0.0,0.022223939019365473,0.0,0.7084620931190772,0.08253502266172229,0.0,0.0,0.03716007416563659,0.0940203955500618,0.7909971157807995,0.9221775854964978,0.07782241450350226,0.8918918918918919,0.3783783783783784,0.6216216216216216,0.0,0.43243243243243246,0.1891891891891892,0.3783783783783784,5.785714285714286
80ab62f87a,4660,30,14,64,35,0,89,FREEBIE,DIGI,27.69,5.07,0.0,79.19,0.0,0.0,0.0,0.0,0.0,30.36,0.0,0.0,148.2,4.18,99.15,5,9,10,13,9,8,7,0,0,0,0,0,2,2,2,1,2,4,5,8,3,7,10,6,5,2,2,0,0,0,393.84000000000003,61,Millennials,12,49,0,13,39,9,0.9888888888888889,0.6777777777777778,6.456393442622951,1,4,104.22,58.05,148.2,310.46999999999997,83.37,0.07030773918342474,0.012873248019500304,0.0,0.20107150111720493,0.0,0.0,0.0,0.0,0.0,0.07708714198659353,0.0,0.0,0.37629494210847036,0.010613447085110703,0.2517519804996953,0.26462522851919557,0.14739488117001825,0.37629494210847036,0.7883150517976842,0.21168494820231565,0.5737704918032787,0.19672131147540983,0.8032786885245902,0.0,0.21311475409836064,0.639344262295082,0.14754098360655737,4.571428571428571
afa0349ef0,2360,21,14,91,67,0,89,NOPROMO,CARD,4.01,0.0,118.11,14.53,0.0,0.0,0.0,0.0,8.32,0.0,0.0,0.0,12.74,96.8,7.8,11,16,0,4,14,12,13,0,0,0,0,0,0,0,29,4,1,16,5,2,0,0,1,4,6,1,1,0,0,0,262.31,70,Gen_Z,24,46,0,50,12,8,0.9888888888888889,0.7777777777777778,3.7472857142857143,0,2,16.12,4.01,12.74,32.870000000000005,229.44,0.015287255537341313,0.0,0.4502687659639358,0.055392474553009795,0.0,0.0,0.0,0.0,0.03171819602760093,0.0,0.0,0.0,0.048568487667263925,0.36902901147497236,0.02973580877587587,0.061454004803476805,0.015287255537341313,0.048568487667263925,0.12530974800808206,0.874690251991918,0.9571428571428572,0.34285714285714286,0.6571428571428571,0.0,0.7142857142857143,0.17142857142857143,0.11428571428571428,6.5
b133b7e7a1,4660,30,5,43,11,0,89,DISCOUNT,CARD,94.48,18.88,0.0,0.0,0.0,0.0,0.0,0.0,0.0,5.5,0.0,0.0,42.94,0.0,113.09,4,9,5,2,5,4,3,0,0,0,0,0,0,0,0,3,5,7,9,3,0,0,1,4,0,0,0,0,0,0,274.89,32,Millennials,7,25,0,15,17,0,0.9888888888888889,0.35555555555555557,8.5903125,1,4,131.97,99.98,42.94,274.89,0.0,0.34370111681036053,0.06868201826185019,0.0,0.0,0.0,0.0,0.0,0.0,0.0,0.020008003201280513,0.0,0.0,0.15620793772054276,0.0,0.41140092400596606,0.4800829422678162,0.3637091200116411,0.15620793772054276,1.0,0.0,0.34375,0.21875,0.78125,0.0,0.46875,0.53125,0.0,8.6
b64161a785,8670,23,19,56,13,0,89,DISCOUNT,CARD,0.0,380.4,23.65,0.0,0.0,5.8,19.61,0.0,0.0,0.0,12.38,0.0,0.0,164.11,0.0,7,5,3,3,6,4,8,1,0,2,2,0,0,0,3,4,2,7,4,1,2,0,0,0,0,0,0,0,5,1,605.95,36,Gen_Z,15,21,5,16,7,6,0.9888888888888889,0.4,16.831944444444446,1,8,398.58,0.0,0.0,398.58,207.37,0.0,0.6277745688588167,0.039029622906180374,0.0,0.0,0.009571746843798992,0.032362406139120385,0.0,0.0,0.0,0.020430728607970954,0.0,0.0,0.27083092664411257,0.0,0.6577770443105866,0.0,0.0,0.6577770443105866,0.3422229556894133,0.3611111111111111,0.4166666666666667,0.5833333333333334,0.1388888888888889,0.4444444444444444,0.19444444444444445,0.16666666666666666,2.9473684210526314
e24ecf13aa,8670,31,20,42,8,0,89,NOPROMO,CARD,20.07,233.14,0.0,0.0,0.0,11.91,0.0,0.0,0.0,0.0,12.1,0.0,0.0,166.95,0.0,1,9,3,2,3,7,3,0,1,3,0,2,2,2,5,0,2,2,2,1,0,0,3,0,0,0,0,0,3,0,444.17,28,Millennials,4,24,6,13,6,3,0.9888888888888889,0.3111111111111111,15.863214285714287,0,8,257.15,20.07,0.0,277.21999999999997,166.95,0.04518540198572619,0.5248891190310015,0.0,0.0,0.0,0.02681405768061778,0.0,0.0,0.0,0.0,0.027241821824976923,0.0,0.0,0.37586959947767745,0.0,0.5789449985365963,0.04518540198572619,0.0,0.6241304005223225,0.37586959947767745,0.2857142857142857,0.14285714285714285,0.8571428571428571,0.21428571428571427,0.4642857142857143,0.21428571428571427,0.10714285714285714,2.1
e3d7150447,4660,43,23,81,30,0,89,NOPROMO,CARD,216.44,9.4,0.0,185.73,0.0,0.0,0.0,8.6,0.0,12.44,0.0,0.0,132.66,0.0,0.0,5,5,7,4,12,13,8,0,0,0,0,0,0,0,2,6,11,14,4,3,3,5,3,1,0,1,1,0,0,0,565.27,54,Gen_X,13,41,0,33,19,2,0.9888888888888889,0.6,10.467962962962963,0,4,9.4,228.88,132.66,370.94,185.73,0.38289666884851487,0.01662922143400499,0.0,0.3285686486103986,0.0,0.0,0.0,0.015213968546004564,0.0,0.0220071824084066,0.0,0.0,0.2346843101526704,0.0,0.0,0.01662922143400499,0.40490385125692147,0.2346843101526704,0.6562173828435969,0.3285686486103986,0.5555555555555556,0.24074074074074073,0.7592592592592593,0.0,0.6111111111111112,0.35185185185185186,0.037037037037037035,3.5217391304347827
fbdcb1dbb8,4660,26,5,47,33,0,89,NOPROMO,CASH,81.49,148.82,0.0,0.0,0.0,0.0,0.0,0.0,0.0,14.23,0.0,0.0,11.15,0.0,0.0,8,6,5,7,10,1,3,0,0,0,0,0,0,0,3,11,12,2,0,1,1,2,3,4,1,0,0,0,0,0,255.69,40,Millennials,11,29,0,28,11,1,0.9888888888888889,0.4444444444444444,6.39225,0,4,148.82,95.72,11.15,255.68999999999997,0.0,0.3187062458445774,0.5820329305017795,0.0,0.0,0.0,0.0,0.0,0.0,0.0,0.05565333020454457,0.0,0.0,0.04360749344909852,0.0,0.0,0.5820329305017795,0.37435957604912196,0.04360749344909852,0.9999999999999999,0.0,0.825,0.275,0.725,0.0,0.7,0.275,0.025,9.4
d74c02eac3,8670,30,8,33,13,1,75,NOPROMO,CARD,51.23,42.29,5.81,0.0,0.0,0.0,0.0,0.0,0.0,0.0,0.0,0.0,0.0,309.04,0.0,3,2,6,2,4,1,0,0,0,0,0,0,2,1,1,8,5,1,0,0,0,0,0,0,0,0,0,0,0,0,408.37,18,Millennials,3,15,0,18,0,0,0.8333333333333334,0.2,22.68722222222222,0,8,42.29,51.23,0.0,93.52,314.85,0.1254499595954649,0.1035580478487646,0.014227293875651982,0.0,0.0,0.0,0.0,0.0,0.0,0.0,0.0,0.0,0.0,0.7567646986801185,0.0,0.1035580478487646,0.1254499595954649,0.0,0.22900800744422947,0.7709919925557706,0.7222222222222222,0.16666666666666666,0.8333333333333334,0.0,1.0,0.0,0.0,4.125
669d67d6d2,4140,21,2,30,0,1,84,NOPROMO,CARD,0.0,0.0,0.0,0.0,0.0,0.0,0.0,0.0,0.0,230.99,0.0,0.0,11.05,0.0,0.0,8,1,2,2,2,4,2,0,0,0,0,0,0,0,0,0,0,0,0,0,1,0,0,0,2,6,5,4,3,0,242.04000000000002,21,Gen_Z,10,11,0,0,1,20,0.9333333333333333,0.23333333333333334,11.525714285714287,0,4,0.0,230.99,11.05,242.04000000000002,0.0,0.0,0.0,0.0,0.0,0.0,0.0,0.0,0.0,0.0,0.9543463890266072,0.0,0.0,0.04565361097339283,0.0,0.0,0.0,0.9543463890266072,0.04565361097339283,1.0,0.0,0.0,0.47619047619047616,0.5238095238095238,0.0,0.0,0.047619047619047616,0.9523809523809523,15.0
9b7035b6a3,8670,19,15,57,7,1,84,NOPROMO,CARD,223.93,395.7,18.56,0.0,0.0,0.0,0.0,0.0,0.0,0.0,0.0,0.0,0.0,60.29,0.0,5,2,1,3,5,5,8,1,5,2,2,0,0,0,2,3,2,3,0,0,1,0,0,0,0,0,0,0,7,1,698.4799999999999,29,Gen_Z,13,16,10,10,1,8,0.9333333333333333,0.32222222222222224,24.085517241379307,0,8,395.7,223.93,0.0,619.63,78.85,0.32059615164356897,0.5665158630168367,0.02657198488145688,0.0,0.0,0.0,0.0,0.0,0.0,0.0,0.0,0.0,0.0,0.08631600045813768,0.0,0.5665158630168367,0.32059615164356897,0.0,0.8871120146604056,0.11288798533959456,0.2413793103448276,0.4482758620689655,0.5517241379310345,0.3448275862068966,0.3448275862068966,0.034482758620689655,0.27586206896551724,3.8
f6f44654cc,4660,26,1,30,30,1,86,NOPROMO,CARD,0.0,0.0,0.0,213.26,0.0,0.0,0.0,0.0,0.0,0.0,0.0,0.0,0.0,0.0,0.0,7,9,5,5,4,0,0,0,0,0,0,0,0,0,0,5,20,4,1,0,0,0,0,0,0,0,0,0,0,0,213.26,30,Millennials,7,23,0,29,1,0,0.9555555555555556,0.3333333333333333,7.108666666666666,0,4,0.0,0.0,0.0,0.0,213.26,0.0,0.0,0.0,1.0,0.0,0.0,0.0,0.0,0.0,0.0,0.0,0.0,0.0,0.0,0.0,0.0,0.0,0.0,0.0,1.0,1.0,0.23333333333333334,0.7666666666666667,0.0,0.9666666666666667,0.03333333333333333,0.0,30.0
536ed716e6,4660,25,7,40,11,1,87,NOPROMO,CARD,0.0,8.36,0.0,0.0,0.0,0.0,0.0,255.81,52.4,0.0,22.11,0.0,26.55,0.0,0.0,4,5,7,3,0,0,0,0,0,0,0,0,0,0,0,0,0,0,0,0,0,4,13,2,0,0,0,0,0,0,365.23,19,Gen_Z,4,15,0,0,19,0,0.9666666666666667,0.2111111111111111,19.222631578947368,0,4,82.87,0.0,26.55,109.42,0.0,0.0,0.022889685951318343,0.0,0.0,0.0,0.0,0.0,0.7004079621060701,0.14347123730252168,0.0,0.06053719573967089,0.0,0.07269391890041892,0.0,0.0,0.22689811899351095,0.0,0.07269391890041892,0.29959203789392985,0.0,0.5789473684210527,0.21052631578947367,0.7894736842105263,0.0,0.0,1.0,0.0,5.714285714285714
b3c52efcd0,2360,53,5,49,4,1,87,NOPROMO,CARD,5.8,196.0,8.05,0.0,0.0,0.0,0.0,0.0,0.0,0.0,0.0,2.23,0.8,0.0,0.0,9,6,6,2,4,2,2,0,0,0,0,0,0,0,0,0,0,0,14,11,4,0,0,1,1,0,0,0,0,0,212.88000000000002,31,Gen_X,11,20,0,0,30,1,0.9666666666666667,0.34444444444444444,6.867096774193549,0,2,196.0,5.8,3.0300000000000002,204.83,8.05,0.02724539646749342,0.9207065013152949,0.03781473130402104,0.0,0.0,0.0,0.0,0.0,0.0,0.0,0.0,0.010475385193536264,0.003757985719654265,0.0,0.0,0.9207065013152949,0.02724539646749342,0.014233370913190529,0.9621852686959789,0.03781473130402104,0.12903225806451613,0.3548387096774194,0.6451612903225806,0.0,0.0,0.967741935483871,0.03225806451612903,9.8
41d96425c6,2360,22,5,87,36,1,88,NOPROMO,DIGI,0.0,0.0,0.0,0.0,0.0,0.0,0.0,0.0,309.07,0.0,0.0,0.0,8.16,0.0,0.0,5,8,15,9,7,4,5,0,0,0,0,0,0,0,0,0,0,7,26,5,1,0,0,2,0,1,3,3,5,0,317.23,53,Gen_Z,10,43,0,7,34,12,0.9777777777777777,0.5888888888888889,5.985471698113208,0,2,309.07,0.0,8.16,317.23,0.0,0.0,0.0,0.0,0.0,0.0,0.0,0.0,0.0,0.9742773382088704,0.0,0.0,0.0,0.025722661791129465,0.0,0.0,0.9742773382088704,0.0,0.025722661791129465,1.0,0.0,0.6792452830188679,0.18867924528301888,0.8113207547169812,0.0,0.1320754716981132,0.6415094339622641,0.22641509433962265,17.4
5a03d02f8a,8670,19,10,39,3,1,88,NOPROMO,DIGI,43.84,375.19,0.0,0.0,0.0,0.0,0.0,0.0,0.0,0.0,23.97,0.0,0.0,0.0,0.0,3,2,5,3,5,1,4,0,2,6,0,0,0,0,0,0,10,4,1,0,0,0,0,0,0,0,0,0,0,0,443.0,23,Gen_Z,7,16,8,14,1,0,0.9777777777777777,0.25555555555555554,19.26086956521739,0,8,399.15999999999997,43.84,0.0,443.0,0.0,0.09896162528216705,0.8469300225733635,0.0,0.0,0.0,0.0,0.0,0.0,0.0,0.0,0.054108352144469525,0.0,0.0,0.0,0.0,0.9010383747178329,0.09896162528216705,0.0,1.0,0.0,0.13043478260869565,0.30434782608695654,0.6956521739130435,0.34782608695652173,0.6086956521739131,0.043478260869565216,0.0,3.9
a79f0770d9,4660,23,14,73,34,1,88,NOPROMO,CARD,91.66,0.0,0.0,78.8,104.25,0.0,0.0,0.0,22.41,91.21,6.29,0.0,9.85,0.0,12.45,11,10,8,12,10,6,8,0,0,0,0,0,0,0,2,2,3,5,5,4,3,3,4,2,2,12,12,5,1,0,416.92,65,Gen_Z,19,46,0,12,21,32,0.9777777777777777,0.7222222222222222,6.414153846153846,0,4,41.15,182.87,114.1,338.12,78.8,0.21985033099875273,0.0,0.0,0.1890050849083757,0.2500479708337331,0.0,0.0,0.0,0.05375131919792766,0.2187709872397582,0.015086827209056892,0.0,0.023625635613546962,0.0,0.029861843998848697,0.09869999040583324,0.43862131823851097,0.27367360644728,0.8109949150916242,0.1890050849083757,0.5230769230769231,0.2923076923076923,0.7076923076923077,0.0,0.18461538461538463,0.3230769230769231,0.49230769230769234,5.214285714285714
ba3a69d868,4660,26,16,66,34,1,88,NOPROMO,CASH,6.62,60.92,0.0,326.1,0.0,0.0,0.0,10.76,20.26,0.0,22.47,0.0,56.81,0.0,0.0,8,9,8,10,6,0,0,0,0,0,0,0,1,0,7,14,14,5,0,0,0,0,0,0,0,0,0,0,0,0,503.94,41,Millennials,8,33,0,41,0,0,0.9777777777777777,0.45555555555555555,12.291219512195122,0,4,103.65,6.62,56.81,167.08,326.1,0.013136484502123269,0.12088740723101957,0.0,0.6471008453387308,0.0,0.0,0.0,0.02135174822399492,0.040203198793507165,0.0,0.04458864150494106,0.0,0.11273167440568323,0.0,0.0,0.2056792475294678,0.013136484502123269,0.11273167440568323,0.3315474064372743,0.6471008453387308,0.8292682926829268,0.1951219512195122,0.8048780487804879,0.0,1.0,0.0,0.0,4.125
f86b4df98d,4140,22,1,20,0,1,88,NOPROMO,CARD,0.0,0.0,0.0,0.0,0.0,0.0,0.0,0.0,0.0,64.66,0.0,0.0,0.0,0.0,0.0,2,1,3,3,4,4,2,0,0,0,0,0,0,0,0,5,2,3,0,0,1,6,2,0,0,0,0,0,0,0,64.66,19,Gen_Z,4,15,0,10,9,0,0.9777777777777777,0.2111111111111111,3.4031578947368417,0,4,0.0,64.66,0.0,64.66,0.0,0.0,0.0,0.0,0.0,0.0,0.0,0.0,0.0,0.0,1.0,0.0,0.0,0.0,0.0,0.0,0.0,1.0,0.0,1.0,0.0,0.0,0.21052631578947367,0.7894736842105263,0.0,0.5263157894736842,0.47368421052631576,0.0,20.0
3bd250752f,8670,26,9,26,6,1,89,NOPROMO,CARD,37.07,227.54,5.8,0.0,0.0,0.0,5.76,0.0,0.0,0.0,0.0,0.0,0.0,69.76,0.0,2,0,1,1,2,2,3,0,0,0,0,0,0,0,1,4,2,2,1,0,0,1,0,0,0,0,0,0,0,0,345.93,11,Millennials,5,6,0,9,2,0,0.9888888888888889,0.12222222222222222,31.44818181818182,0,8,227.54,37.07,0.0,264.61,81.32000000000001,0.10716040817506432,0.657763131269332,0.016766397826149797,0.0,0.0,0.0,0.01665076749631428,0.0,0.0,0.0,0.0,0.0,0.0,0.20165929523313966,0.0,0.657763131269332,0.10716040817506432,0.0,0.7649235394443963,0.23507646055560374,0.5454545454545454,0.45454545454545453,0.5454545454545454,0.0,0.8181818181818182,0.18181818181818182,0.0,2.888888888888889
3be55dc9f2,4660,29,1,15,10,1,89,NOPROMO,CARD,0.0,121.16,0.0,0.0,0.0,0.0,0.0,0.0,0.0,0.0,0.0,0.0,0.0,0.0,0.0,2,0,4,1,3,0,0,0,0,0,0,0,0,0,0,5,5,0,0,0,0,0,0,0,0,0,0,0,0,0,121.16,10,Millennials,2,8,0,10,0,0,0.9888888888888889,0.1111111111111111,12.116,0,4,121.16,0.0,0.0,121.16,0.0,0.0,1.0,0.0,0.0,0.0,0.0,0.0,0.0,0.0,0.0,0.0,0.0,0.0,0.0,0.0,1.0,0.0,0.0,1.0,0.0,1.0,0.2,0.8,0.0,1.0,0.0,0.0,15.0
4182dd73f7,4660,22,1,13,0,1,89,NOPROMO,CARD,0.0,0.0,0.0,0.0,0.0,0.0,0.0,0.0,0.0,105.8,0.0,0.0,0.0,0.0,0.0,2,1,1,0,1,0,0,0,0,0,0,0,0,0,1,1,0,0,0,0,0,1,1,1,0,0,0,0,0,0,105.8,5,Gen_Z,2,3,0,2,3,0,0.9888888888888889,0.05555555555555555,21.16,0,4,0.0,105.8,0.0,105.8,0.0,0.0,0.0,0.0,0.0,0.0,0.0,0.0,0.0,0.0,1.0,0.0,0.0,0.0,0.0,0.0,0.0,1.0,0.0,1.0,0.0,0.0,0.4,0.6,0.0,0.4,0.6,0.0,13.0
426c098966,4660,29,1,26,0,1,89,DISCOUNT,CARD,0.0,0.0,0.0,0.0,0.0,0.0,0.0,0.0,0.0,167.12,0.0,0.0,0.0,0.0,0.0,2,0,2,1,6,3,2,0,0,0,0,0,0,0,0,0,1,0,1,2,2,1,3,2,3,1,0,0,0,0,167.12,16,Millennials,4,12,0,1,11,4,0.9888888888888889,0.17777777777777778,10.445,1,4,0.0,167.12,0.0,167.12,0.0,0.0,0.0,0.0,0.0,0.0,0.0,0.0,0.0,0.0,1.0,0.0,0.0,0.0,0.0,0.0,0.0,1.0,0.0,1.0,0.0,0.0,0.25,0.75,0.0,0.0625,0.6875,0.25,26.0
5034d77437,2360,43,12,76,49,1,89,FREEBIE,CARD,0.0,6.16,89.76,0.0,42.45,0.0,3.14,0.0,0.0,0.0,0.0,7.54,167.04,0.0,0.0,10,6,5,10,9,4,7,0,0,0,0,0,0,0,3,9,4,8,4,1,2,1,6,4,1,7,1,0,0,0,316.09,51,Gen_X,17,34,0,24,18,9,0.9888888888888889,0.5666666666666667,6.197843137254901,1,2,6.16,0.0,217.03,223.18999999999997,92.9,0.0,0.019488120472017464,0.28396975544939734,0.0,0.1342971938371983,0.0,0.009933879591255657,0.0,0.0,0.0,0.0,0.023853965642696703,0.5284570850074346,0.0,0.0,0.019488120472017464,0.0,0.6866082444873296,0.706096364959347,0.29390363504065303,0.9607843137254902,0.3333333333333333,0.6666666666666666,0.0,0.47058823529411764,0.35294117647058826,0.17647058823529413,6.333333333333333
52dc119c60,4660,25,5,58,24,1,89,DELIVERY,CARD,5.69,54.44,0.0,0.0,219.66,0.0,0.0,0.0,8.58,0.0,0.0,0.0,0.0,0.0,136.38,6,3,8,7,7,4,5,0,0,0,0,0,0,0,0,0,0,0,3,5,11,8,10,2,0,1,0,0,0,0,424.74999999999994,40,Gen_Z,11,29,0,0,39,1,0.9888888888888889,0.4444444444444444,10.618749999999999,1,4,199.4,5.69,219.66,424.75,0.0,0.013396115361977637,0.12816951147733963,0.0,0.0,0.5171512654502649,0.0,0.0,0.0,0.02020011771630371,0.0,0.0,0.0,0.0,0.0,0.3210829899941142,0.4694526191877576,0.013396115361977637,0.5171512654502649,1.0000000000000002,0.0,0.6,0.275,0.725,0.0,0.0,0.975,0.025,11.6
d798652ec0,2360,28,27,109,83,1,89,NOPROMO,CARD,2.57,28.41,229.22,2.86,0.0,2.84,10.34,58.29,10.43,2.27,0.0,0.0,79.47,7.44,0.0,16,17,10,17,15,8,8,0,0,0,0,0,0,2,2,2,8,13,17,12,6,7,3,3,6,8,2,0,0,0,434.13999999999993,91,Millennials,24,67,0,27,48,16,0.9888888888888889,1.011111111111111,4.77076923076923,0,2,41.68,4.84,79.47,125.99000000000001,249.86,0.005919749389597826,0.06543971990602111,0.5279863638457641,0.006587736674805363,0.0,0.00654166858617036,0.023817201824296315,0.13426544432671492,0.024024508223153825,0.005228728060072788,0.0,0.0,0.1830515501911826,0.017137328972220946,0.0,0.09600589671534529,0.011148477449670615,0.1830515501911826,0.2902059243561985,0.5755286313170868,0.9120879120879121,0.26373626373626374,0.7362637362637363,0.0,0.2967032967032967,0.5274725274725275,0.17582417582417584,4.037037037037037
196e154987,2440,26,1,29,10,2,70,NOPROMO,CARD,0.0,0.0,0.0,0.0,0.0,0.0,0.0,0.0,0.0,0.0,0.0,153.87,0.0,0.0,0.0,3,1,3,0,2,0,1,0,0,0,0,0,0,0,0,0,0,0,1,2,2,2,3,0,0,0,0,0,0,0,153.87,10,Millennials,4,6,0,0,10,0,0.7777777777777778,0.1111111111111111,15.387,0,2,0.0,0.0,153.87,153.87,0.0,0.0,0.0,0.0,0.0,0.0,0.0,0.0,0.0,0.0,0.0,0.0,1.0,0.0,0.0,0.0,0.0,0.0,1.0,1.0,0.0,1.0,0.4,0.6,0.0,0.0,1.0,0.0,29.0
b25111f68a,4140,30,1,26,0,2,72,FREEBIE,CASH,0.0,0.0,0.0,0.0,0.0,0.0,0.0,0.0,0.0,139.23,0.0,0.0,0.0,0.0,0.0,1,2,6,3,2,3,2,0,0,0,0,0,0,0,0,1,1,2,1,2,2,3,1,4,2,0,0,0,0,0,139.23,19,Millennials,3,16,0,4,13,2,0.8,0.2111111111111111,7.327894736842104,1,4,0.0,139.23,0.0,139.23,0.0,0.0,0.0,0.0,0.0,0.0,0.0,0.0,0.0,0.0,1.0,0.0,0.0,0.0,0.0,0.0,0.0,1.0,0.0,1.0,0.0,0.0,0.15789473684210525,0.8421052631578947,0.0,0.21052631578947367,0.6842105263157895,0.10526315789473684,26.0
6b3e226148,4660,24,3,26,11,2,81,DELIVERY,CARD,0.0,115.74,0.0,0.0,0.0,0.0,0.0,0.0,56.68,0.0,0.0,0.0,103.63,0.0,0.0,3,5,1,2,0,1,1,0,0,0,0,0,0,0,0,0,0,0,0,0,0,0,8,5,0,0,0,0,0,0,276.04999999999995,13,Gen_Z,4,9,0,0,13,0,0.9,0.14444444444444443,21.23461538461538,1,4,172.42,0.0,103.63,276.04999999999995,0.0,0.0,0.4192718710378555,0.0,0.0,0.0,0.0,0.0,0.0,0.2053251222604601,0.0,0.0,0.0,0.3754030067016845,0.0,0.0,0.6245969932983155,0.0,0.3754030067016845,1.0,0.0,0.8461538461538461,0.3076923076923077,0.6923076923076923,0.0,0.0,1.0,0.0,8.666666666666666
d2ef90a47f,8670,68,9,42,4,2,83,NOPROMO,CASH,54.35,30.86,0.0,0.0,0.0,0.0,18.23,0.0,0.0,0.0,53.6,0.0,0.0,382.39,0.0,2,3,1,2,3,2,4,0,0,0,1,0,2,0,0,0,0,1,1,3,8,1,0,0,0,0,0,0,0,0,539.4300000000001,17,Baby_Boomers,6,11,1,3,13,0,0.9222222222222223,0.18888888888888888,31.731176470588238,0,8,84.46000000000001,54.35,0.0,138.81,400.62,0.10075450012049755,0.057208534935024,0.0,0.0,0.0,0.0,0.033794931687151246,0.0,0.0,0.0,0.09936414363309418,0.0,0.0,0.7088778896242329,0.0,0.15657267856811818,0.10075450012049755,0.0,0.2573271786886157,0.7426728213113841,0.23529411764705882,0.35294117647058826,0.6470588235294118,0.058823529411764705,0.17647058823529413,0.7647058823529411,0.0,4.666666666666667
507148a5f6,4660,21,2,22,0,2,87,NOPROMO,CARD,4.83,0.0,0.0,0.0,0.0,0.0,0.0,0.0,0.0,160.57,0.0,0.0,0.0,0.0,0.0,1,1,3,1,4,6,1,0,0,0,0,0,0,0,1,1,1,1,1,0,2,2,4,4,0,0,0,0,0,0,165.4,17,Gen_Z,2,15,0,4,13,0,0.9666666666666667,0.18888888888888888,9.729411764705883,0,4,0.0,165.4,0.0,165.4,0.0,0.02920193470374849,0.0,0.0,0.0,0.0,0.0,0.0,0.0,0.0,0.9707980652962515,0.0,0.0,0.0,0.0,0.0,0.0,1.0,0.0,1.0,0.0,0.0,0.11764705882352941,0.8823529411764706,0.0,0.23529411764705882,0.7647058823529411,0.0,11.0
52ef8ee422,4660,25,3,25,1,2,87,FREEBIE,DIGI,0.0,0.0,0.0,0.0,0.0,0.0,0.0,0.0,0.0,4.75,0.0,0.0,233.77,0.0,0.0,1,4,5,2,1,0,0,0,0,0,0,0,0,0,0,1,0,0,0,2,6,3,1,0,0,0,0,0,0,0,238.52,13,Gen_Z,1,12,0,1,12,0,0.9666666666666667,0.14444444444444443,18.34769230769231,1,4,0.0,4.75,233.77,238.52,0.0,0.0,0.0,0.0,0.0,0.0,0.0,0.0,0.0,0.0,0.019914472580915644,0.0,0.0,0.9800855274190844,0.0,0.0,0.0,0.019914472580915644,0.9800855274190844,1.0,0.0,0.07692307692307693,0.07692307692307693,0.9230769230769231,0.0,0.07692307692307693,0.9230769230769231,0.0,8.333333333333334
d29fa5bf78,4660,24,4,33,16,2,88,NOPROMO,CARD,0.0,45.05,0.0,53.88,0.0,0.0,0.0,0.0,0.0,0.0,6.48,0.0,143.51,0.0,0.0,1,7,3,3,0,1,5,0,0,0,0,0,0,0,0,3,7,3,1,0,1,1,2,0,2,0,0,0,0,0,248.92000000000002,20,Gen_Z,6,14,0,13,5,2,0.9777777777777777,0.2222222222222222,12.446000000000002,0,4,51.53,0.0,143.51,195.04,53.88,0.0,0.18098184155551983,0.0,0.21645508597139643,0.0,0.0,0.0,0.0,0.0,0.0,0.026032460228185762,0.0,0.5765306122448979,0.0,0.0,0.2070143017837056,0.0,0.5765306122448979,0.7835449140286035,0.21645508597139643,0.8,0.3,0.7,0.0,0.65,0.25,0.1,8.25
4f75dc005b,4660,26,3,42,31,2,89,NOPROMO,CARD,280.21,0.0,0.0,0.0,0.0,0.0,0.0,0.0,0.0,0.0,0.0,0.0,0.0,0.0,12.43,6,9,3,5,3,4,2,0,0,0,0,0,0,0,0,0,0,2,0,1,2,3,6,7,11,0,0,0,0,0,292.64,32,Millennials,8,24,0,2,19,11,0.9888888888888889,0.35555555555555557,9.145,0,4,12.43,280.21,0.0,292.64,0.0,0.9575246036085292,0.0,0.0,0.0,0.0,0.0,0.0,0.0,0.0,0.0,0.0,0.0,0.0,0.0,0.04247539639147075,0.04247539639147075,0.9575246036085292,0.0,1.0,0.0,0.96875,0.25,0.75,0.0,0.0625,0.59375,0.34375,14.0
b57a63c599,4660,24,7,64,2,2,89,NOPROMO,CARD,76.68,0.0,0.0,0.0,0.0,0.0,0.0,0.0,17.17,121.0,0.0,0.0,0.0,74.31,0.0,9,11,6,8,7,5,4,0,0,0,0,0,0,0,5,10,9,0,1,3,11,7,3,1,0,0,0,0,0,0,289.16,50,Gen_Z,13,37,0,24,26,0,0.9888888888888889,0.5555555555555556,5.783200000000001,0,4,17.17,197.68,0.0,214.85000000000002,74.31,0.2651819062110942,0.0,0.0,0.0,0.0,0.0,0.0,0.0,0.059378890579609905,0.41845345137640055,0.0,0.0,0.0,0.2569857518328953,0.0,0.059378890579609905,0.6836353575874948,0.0,0.7430142481671047,0.2569857518328953,0.04,0.26,0.74,0.0,0.48,0.52,0.0,9.142857142857142
d82b2a107b,2360,24,6,56,27,2,89,NOPROMO,CARD,0.0,0.0,0.0,0.0,0.0,0.0,0.0,0.0,47.39,143.64,0.0,12.37,0.0,0.0,0.0,2,10,4,2,5,5,7,0,0,0,0,0,0,0,6,6,2,1,0,10,0,0,1,0,0,0,6,3,0,0,203.39999999999998,35,Gen_Z,9,26,0,15,11,9,0.9888888888888889,0.3888888888888889,5.8114285714285705,0,2,47.39,143.64,12.37,203.39999999999998,0.0,0.0,0.0,0.0,0.0,0.0,0.0,0.0,0.0,0.23298918387413967,0.7061946902654868,0.0,0.06081612586037365,0.0,0.0,0.0,0.23298918387413967,0.7061946902654868,0.06081612586037365,1.0,0.0,0.7714285714285715,0.2571428571428571,0.7428571428571429,0.0,0.42857142857142855,0.3142857142857143,0.2571428571428571,9.333333333333334
fc7c69b287,8670,23,19,53,10,2,89,NOPROMO,CASH,7.06,243.99,0.0,0.0,0.0,25.35,11.76,0.0,0.0,0.0,43.12,0.0,0.0,308.48,0.0,1,6,3,4,5,4,5,0,0,2,2,1,3,2,1,0,1,0,1,4,2,0,3,2,2,0,0,1,1,0,639.76,28,Gen_Z,6,22,5,7,12,4,0.9888888888888889,0.3111111111111111,22.84857142857143,0,8,312.46000000000004,7.06,0.0,319.52000000000004,320.24,0.011035388270601475,0.3813773915218207,0.0,0.0,0.0,0.03962423408778292,0.01838189320995373,0.0,0.0,0.0,0.06740027510316368,0.0,0.0,0.48218081780667754,0.0,0.48840190071276735,0.011035388270601475,0.0,0.4994372889833688,0.5005627110166313,0.35714285714285715,0.21428571428571427,0.7857142857142857,0.17857142857142858,0.25,0.42857142857142855,0.14285714285714285,2.789473684210526
ca7acd001e,8670,26,2,7,1,3,72,DISCOUNT,CARD,0.0,17.57,0.0,0.0,0.0,0.0,0.0,0.0,0.0,0.0,0.0,0.0,0.0,97.53,0.0,0,1,1,0,0,0,0,0,0,0,1,0,0,0,0,0,0,0,0,1,0,0,0,0,0,0,0,0,0,0,115.1,2,Millennials,0,2,1,0,1,0,0.8,0.022222222222222223,57.55,1,8,17.57,0.0,0.0,17.57,97.53,0.0,0.1526498696785404,0.0,0.0,0.0,0.0,0.0,0.0,0.0,0.0,0.0,0.0,0.0,0.8473501303214597,0.0,0.1526498696785404,0.0,0.0,0.1526498696785404,0.8473501303214597,0.5,0.0,1.0,0.5,0.0,0.5,0.0,3.5
61ec7299e1,8670,30,4,28,15,3,76,NOPROMO,CARD,0.0,316.16,0.0,0.0,0.0,0.0,0.0,0.0,0.0,0.0,0.0,0.0,0.0,0.0,0.0,0,3,3,3,3,1,4,0,0,0,0,1,0,0,0,0,0,0,0,0,0,0,0,0,0,0,0,0,5,11,316.16,17,Millennials,4,13,1,0,0,16,0.8444444444444444,0.18888888888888888,18.59764705882353,0,8,316.16,0.0,0.0,316.16,0.0,0.0,1.0,0.0,0.0,0.0,0.0,0.0,0.0,0.0,0.0,0.0,0.0,0.0,0.0,0.0,1.0,0.0,0.0,1.0,0.0,0.8823529411764706,0.23529411764705882,0.7647058823529411,0.058823529411764705,0.0,0.0,0.9411764705882353,7.0
1846111110,4660,35,29,94,32,3,89,NOPROMO,CARD,127.01,5.65,0.0,20.48,0.0,39.77,0.0,2.94,41.95,79.09,36.06,0.0,91.94,0.0,17.57,11,13,14,16,9,13,6,0,0,0,0,0,0,0,4,8,25,2,1,0,2,2,8,18,5,4,2,1,0,0,462.46,82,Millennials,17,65,0,39,31,12,0.9888888888888889,0.9111111111111111,5.6397560975609755,0,4,141.0,206.10000000000002,91.94,439.04,20.48,0.2746399688621719,0.012217272845219047,0.0,0.04428491112744886,0.0,0.08599662673528523,0.0,0.006357306577866194,0.09071054793928124,0.17102019634130522,0.0779743112917874,0.0,0.198806383254768,0.0,0.037992475024867016,0.3048912338364399,0.4456601652034771,0.198806383254768,0.949357782294685,0.04428491112744886,0.3902439024390244,0.2073170731707317,0.7926829268292683,0.0,0.47560975609756095,0.3780487804878049,0.14634146341463414,3.2413793103448274
5313f62584,4660,25,3,22,9,3,89,NOPROMO,CARD,44.73,0.0,0.0,0.0,0.0,0.0,0.0,0.0,0.0,0.0,195.06,0.0,0.0,0.0,0.0,0,2,1,0,5,2,0,0,0,0,0,0,0,0,0,0,0,0,0,0,0,0,0,2,6,2,0,0,0,0,239.79,10,Gen_Z,0,10,0,0,2,8,0.9888888888888889,0.1111111111111111,23.979,0,4,195.06,44.73,0.0,239.79,0.0,0.1865382209433254,0.0,0.0,0.0,0.0,0.0,0.0,0.0,0.0,0.0,0.8134617790566746,0.0,0.0,0.0,0.0,0.8134617790566746,0.1865382209433254,0.0,1.0,0.0,0.9,0.0,1.0,0.0,0.0,0.2,0.8,7.333333333333333
a102228184,8670,25,22,41,13,3,89,NOPROMO,CARD,37.66,146.57,86.05,0.0,0.0,0.0,18.09,0.0,0.0,0.0,36.26,0.0,0.0,103.37,0.0,7,3,6,5,6,1,0,0,1,4,0,0,0,4,0,3,3,3,0,3,3,1,1,1,1,0,0,0,0,0,427.99999999999994,28,Gen_Z,7,21,5,13,9,1,0.9888888888888889,0.3111111111111111,15.285714285714283,0,8,182.82999999999998,37.66,0.0,220.48999999999998,207.51,0.08799065420560748,0.3424532710280374,0.2010514018691589,0.0,0.0,0.0,0.04226635514018692,0.0,0.0,0.0,0.0847196261682243,0.0,0.0,0.24151869158878508,0.0,0.4271728971962617,0.08799065420560748,0.0,0.5151635514018692,0.4848364485981309,0.4642857142857143,0.25,0.75,0.17857142857142858,0.4642857142857143,0.32142857142857145,0.03571428571428571,1.8636363636363635
560479e9b5,8670,36,2,19,0,4,77,NOPROMO,CARD,0.0,19.5,0.0,0.0,0.0,0.0,0.0,0.0,0.0,0.0,205.21,0.0,0.0,0.0,0.0,1,0,1,2,0,1,5,0,0,0,0,5,3,0,0,1,1,0,0,0,0,0,0,0,0,0,0,0,0,0,224.71,10,Millennials,6,4,5,5,0,0,0.8555555555555555,0.1111111111111111,22.471,0,8,224.71,0.0,0.0,224.71,0.0,0.0,0.08677851452983845,0.0,0.0,0.0,0.0,0.0,0.0,0.0,0.0,0.9132214854701616,0.0,0.0,0.0,0.0,1.0,0.0,0.0,1.0,0.0,0.0,0.6,0.4,0.5,0.5,0.0,0.0,9.5
2f452f1ccd,8670,29,3,13,1,4,86,NOPROMO,CARD,50.38,153.77,0.0,0.0,0.0,0.0,0.0,0.0,0.0,0.0,0.0,0.0,0.0,0.0,0.0,0,2,0,1,0,1,0,0,0,0,0,0,1,0,1,0,1,0,0,0,0,0,0,0,0,0,0,0,0,0,204.15,4,Millennials,0,4,0,3,0,0,0.9555555555555556,0.044444444444444446,51.0375,0,8,153.77,50.38,0.0,204.15,0.0,0.2467793289248102,0.7532206710751899,0.0,0.0,0.0,0.0,0.0,0.0,0.0,0.0,0.0,0.0,0.0,0.0,0.0,0.7532206710751899,0.2467793289248102,0.0,1.0,0.0,0.25,0.0,1.0,0.0,0.75,0.0,0.0,4.333333333333333
9e0dd2e91c,8670,45,3,17,0,4,86,NOPROMO,CARD,0.0,54.02,0.0,0.0,0.0,0.0,0.0,0.0,0.0,0.0,0.0,0.0,0.0,161.7,0.0,1,3,1,1,2,0,0,0,0,0,0,0,0,0,0,1,3,2,2,0,0,0,0,0,0,0,0,0,0,0,215.72,8,Gen_X,1,7,0,6,2,0,0.9555555555555556,0.08888888888888889,26.965,0,8,54.02,0.0,0.0,54.02,161.7,0.0,0.2504172074911923,0.0,0.0,0.0,0.0,0.0,0.0,0.0,0.0,0.0,0.0,0.0,0.7495827925088077,0.0,0.2504172074911923,0.0,0.0,0.2504172074911923,0.7495827925088077,0.0,0.125,0.875,0.0,0.75,0.25,0.0,5.666666666666667
46138cd533,4660,20,3,30,8,4,88,NOPROMO,CARD,66.22,0.0,0.0,0.0,0.0,0.0,0.0,0.0,0.0,197.87,0.0,0.0,4.69,0.0,0.0,3,5,4,3,5,0,0,0,0,0,0,0,0,0,0,0,0,0,0,0,5,13,2,0,0,0,0,0,0,0,268.78000000000003,20,Gen_Z,3,17,0,0,20,0,0.9777777777777777,0.2222222222222222,13.439000000000002,0,4,0.0,264.09000000000003,4.69,268.78000000000003,0.0,0.24637249795371677,0.0,0.0,0.0,0.0,0.0,0.0,0.0,0.0,0.7361782870749312,0.0,0.0,0.017449214971352035,0.0,0.0,0.0,0.982550785028648,0.017449214971352035,1.0,0.0,0.4,0.15,0.85,0.0,0.0,1.0,0.0,10.0
bdf21b06cc,4660,27,1,42,0,4,88,NOPROMO,CARD,0.0,0.0,0.0,0.0,0.0,0.0,0.0,0.0,0.0,345.61,0.0,0.0,0.0,0.0,0.0,1,0,1,10,3,7,3,0,0,0,0,0,0,0,0,0,4,9,9,2,1,0,0,0,0,0,0,0,0,0,345.61,25,Millennials,4,21,0,13,12,0,0.9777777777777777,0.2777777777777778,13.8244,0,4,0.0,345.61,0.0,345.61,0.0,0.0,0.0,0.0,0.0,0.0,0.0,0.0,0.0,0.0,1.0,0.0,0.0,0.0,0.0,0.0,0.0,1.0,0.0,1.0,0.0,0.0,0.16,0.84,0.0,0.52,0.48,0.0,42.0
44c235157c,4660,24,7,51,4,4,89,NOPROMO,CARD,6.47,88.14,0.0,59.01,0.0,0.0,0.0,0.0,161.15,0.0,107.62,0.0,72.8,0.0,48.0,1,2,5,7,4,0,4,0,0,0,0,0,0,0,4,2,1,0,1,0,0,1,8,4,2,0,0,0,0,0,543.19,23,Gen_Z,5,18,0,7,14,2,0.9888888888888889,0.25555555555555554,23.616956521739134,0,4,404.90999999999997,6.47,72.8,484.18,59.01,0.011911117656805168,0.16226366464772915,0.0,0.10863602054529721,0.0,0.0,0.0,0.0,0.2966733555477825,0.0,0.19812588596991842,0.0,0.13402308584473202,0.0,0.0883668697877354,0.7454297759531654,0.011911117656805168,0.13402308584473202,0.8913639794547027,0.10863602054529721,0.17391304347826086,0.21739130434782608,0.782608695652174,0.0,0.30434782608695654,0.6086956521739131,0.08695652173913043,7.285714285714286
4bd35e92eb,2360,18,8,61,11,4,89,NOPROMO,CARD,2.65,0.0,0.0,0.0,12.3,362.87,0.0,0.0,0.0,0.0,0.0,6.17,16.66,0.0,0.0,4,3,3,5,4,5,6,0,0,0,0,0,0,2,1,5,7,7,2,1,1,1,1,0,1,0,0,0,0,0,400.65000000000003,30,Gen_Z,10,20,0,22,6,1,0.9888888888888889,0.3333333333333333,13.355,0,2,362.87,2.65,35.13,400.65000000000003,0.0,0.006614251840758766,0.0,0.0,0.0,0.030700112317484086,0.9057032322475976,0.0,0.0,0.0,0.0,0.0,0.01539997504055909,0.0415824285536004,0.0,0.0,0.9057032322475976,0.006614251840758766,0.08768251591164358,1.0,0.0,0.36666666666666664,0.3333333333333333,0.6666666666666666,0.0,0.7333333333333333,0.2,0.03333333333333333,7.625
14e2621243,8670,34,1,10,0,5,47,NOPROMO,CARD,0.0,0.0,0.0,0.0,0.0,0.0,0.0,0.0,0.0,0.0,0.0,0.0,0.0,155.74,0.0,0,0,0,1,2,0,0,0,0,0,0,0,0,0,0,3,0,0,0,0,0,0,0,0,0,0,0,0,0,0,155.74,3,Millennials,0,3,0,3,0,0,0.5222222222222223,0.03333333333333333,51.913333333333334,0,8,0.0,0.0,0.0,0.0,155.74,0.0,0.0,0.0,0.0,0.0,0.0,0.0,0.0,0.0,0.0,0.0,0.0,0.0,1.0,0.0,0.0,0.0,0.0,0.0,1.0,0.0,0.0,1.0,0.0,1.0,0.0,0.0,10.0
26956ba478,4660,31,4,46,2,5,47,NOPROMO,CASH,30.99,0.0,0.0,0.0,0.0,53.72,0.0,0.0,0.0,224.06,0.0,0.0,0.0,0.0,0.0,3,5,5,3,3,2,4,0,0,0,0,0,0,0,0,0,0,1,0,3,1,0,3,6,7,0,1,3,0,0,308.77,25,Millennials,7,18,0,1,13,11,0.5222222222222223,0.2777777777777778,12.3508,0,4,53.72,255.05,0.0,308.77,0.0,0.10036596819639214,0.0,0.0,0.0,0.0,0.17398063283350068,0.0,0.0,0.0,0.7256533989701073,0.0,0.0,0.0,0.0,0.0,0.17398063283350068,0.8260193671664994,0.0,1.0,0.0,0.08,0.28,0.72,0.0,0.04,0.52,0.44,11.5
a5cb7c5db9,2360,35,1,15,0,5,52,FREEBIE,DIGI,0.0,0.0,0.0,0.0,0.0,0.0,0.0,0.0,83.22,0.0,0.0,0.0,0.0,0.0,0.0,0,0,2,1,2,0,0,0,0,0,0,0,0,0,0,0,0,0,0,0,0,2,0,2,0,1,0,0,0,0,83.22,5,Millennials,0,5,0,0,4,1,0.5777777777777777,0.05555555555555555,16.644,1,2,83.22,0.0,0.0,83.22,0.0,0.0,0.0,0.0,0.0,0.0,0.0,0.0,0.0,1.0,0.0,0.0,0.0,0.0,0.0,0.0,1.0,0.0,0.0,1.0,0.0,0.0,0.0,1.0,0.0,0.0,0.8,0.2,15.0
4744daedc0,8670,34,2,12,4,5,53,NOPROMO,CASH,0.0,0.0,0.0,0.0,0.0,11.68,0.0,0.0,0.0,0.0,0.0,0.0,0.0,163.23,0.0,0,0,1,1,1,1,0,0,0,0,0,0,0,0,0,0,0,0,1,0,3,0,0,0,0,0,0,0,0,0,174.91,4,Millennials,0,4,0,0,4,0,0.5888888888888889,0.044444444444444446,43.7275,0,8,11.68,0.0,0.0,11.68,163.23,0.0,0.0,0.0,0.0,0.0,0.06677719970270425,0.0,0.0,0.0,0.0,0.0,0.0,0.0,0.9332228002972958,0.0,0.06677719970270425,0.0,0.0,0.06677719970270425,0.9332228002972958,1.0,0.0,1.0,0.0,0.0,1.0,0.0,6.0
4bd37d0c34,4660,25,3,23,4,5,67,DELIVERY,CARD,0.0,10.66,0.0,0.0,0.0,160.97,0.0,0.0,0.0,0.0,0.0,0.0,0.0,0.0,41.82,3,1,2,4,1,1,2,0,0,0,0,0,0,0,0,1,2,1,8,1,0,0,1,0,0,0,0,0,0,0,213.45,14,Gen_Z,5,9,0,4,10,0,0.7444444444444445,0.15555555555555556,15.24642857142857,1,4,213.45,0.0,0.0,213.45,0.0,0.0,0.04994143827594285,0.0,0.0,0.0,0.7541344577184352,0.0,0.0,0.0,0.0,0.0,0.0,0.0,0.0,0.19592410400562194,1.0,0.0,0.0,1.0,0.0,0.2857142857142857,0.35714285714285715,0.6428571428571429,0.0,0.2857142857142857,0.7142857142857143,0.0,7.666666666666667
d9dff0167e,8670,38,16,37,9,5,78,DELIVERY,CARD,78.9,240.31,0.0,0.0,0.0,6.03,12.05,24.54,0.0,0.0,0.0,0.0,0.0,110.03,0.0,2,3,2,1,4,2,4,0,0,3,2,0,0,0,0,0,0,0,0,1,5,2,5,0,0,0,0,0,0,0,471.86,18,Millennials,6,12,5,0,13,0,0.8666666666666667,0.2,26.214444444444446,1,8,246.34,78.9,0.0,325.24,122.08,0.16721061331750944,0.5092824142754206,0.0,0.0,0.0,0.012779214173695588,0.025537235620734965,0.05200695121434323,0.0,0.0,0.0,0.0,0.0,0.2331835713982961,0.0,0.5220616284491163,0.16721061331750944,0.0,0.6892722417666257,0.25872080701903105,0.5,0.3333333333333333,0.6666666666666666,0.2777777777777778,0.0,0.7222222222222222,0.0,2.3125
8d65421423,4660,29,7,65,16,5,87,NOPROMO,CARD,0.0,0.0,0.0,21.09,0.0,0.0,0.0,22.55,0.0,0.0,706.14,0.0,14.14,0.0,0.0,3,2,4,2,8,8,4,0,0,0,0,0,0,0,1,1,0,1,2,2,3,18,3,0,0,0,0,0,0,0,763.92,31,Millennials,7,24,0,3,28,0,0.9666666666666667,0.34444444444444444,24.64258064516129,0,4,706.14,0.0,14.14,720.28,21.09,0.0,0.0,0.0,0.027607602890355014,0.0,0.0,0.0,0.02951879777987224,0.0,0.0,0.924363807728558,0.0,0.018509791601214787,0.0,0.0,0.924363807728558,0.0,0.018509791601214787,0.9428735993297728,0.027607602890355014,0.5161290322580645,0.22580645161290322,0.7741935483870968,0.0,0.0967741935483871,0.9032258064516129,0.0,9.285714285714286
08dd6e9bc4,4660,24,2,36,13,5,89,FREEBIE,CARD,0.0,0.0,0.0,0.0,94.06,0.0,0.0,0.0,0.0,95.04,0.0,0.0,0.0,0.0,0.0,1,2,4,0,12,2,4,0,0,0,0,0,0,0,0,0,0,0,0,1,0,4,9,10,1,0,0,0,0,0,189.10000000000002,25,Gen_Z,5,20,0,0,24,1,0.9888888888888889,0.2777777777777778,7.564000000000001,1,4,0.0,95.04,94.06,189.10000000000002,0.0,0.0,0.0,0.0,0.0,0.4974087784241142,0.0,0.0,0.0,0.0,0.5025912215758858,0.0,0.0,0.0,0.0,0.0,0.0,0.5025912215758858,0.4974087784241142,1.0,0.0,0.52,0.2,0.8,0.0,0.0,0.96,0.04,18.0
ccbadf8268,8670,26,5,25,8,5,89,DISCOUNT,CARD,11.68,47.98,0.0,0.0,0.0,0.0,0.0,0.0,0.0,0.0,0.0,0.0,0.0,318.04,0.0,0,1,1,1,3,1,1,0,0,1,0,0,0,0,1,2,2,0,1,1,0,0,0,0,0,0,0,0,0,0,377.70000000000005,8,Millennials,1,7,1,5,2,0,0.9888888888888889,0.08888888888888889,47.212500000000006,1,8,47.98,11.68,0.0,59.66,318.04,0.03092401376754037,0.12703203600741328,0.0,0.0,0.0,0.0,0.0,0.0,0.0,0.0,0.0,0.0,0.0,0.8420439502250463,0.0,0.12703203600741328,0.03092401376754037,0.0,0.15795604977495364,0.8420439502250463,1.0,0.125,0.875,0.125,0.625,0.25,0.0,5.0
32aa2ebe3d,8370,44,2,20,6,6,60,NOPROMO,CARD,0.0,19.75,0.0,0.0,0.0,0.0,0.0,0.0,0.0,0.0,0.0,0.0,0.0,263.84,0.0,1,0,0,2,0,3,1,0,0,0,0,0,2,1,0,0,1,0,0,2,1,0,0,0,0,0,0,0,0,0,283.59,7,Gen_X,2,5,0,4,3,0,0.6666666666666666,0.07777777777777778,40.512857142857136,0,8,19.75,0.0,0.0,19.75,263.84,0.0,0.06964279417468881,0.0,0.0,0.0,0.0,0.0,0.0,0.0,0.0,0.0,0.0,0.0,0.9303572058253112,0.0,0.06964279417468881,0.0,0.0,0.06964279417468881,0.9303572058253112,0.8571428571428571,0.2857142857142857,0.7142857142857143,0.0,0.5714285714285714,0.42857142857142855,0.0,10.0
fd7efdcc4e,8670,20,2,17,1,6,74,NOPROMO,CARD,0.0,0.0,0.0,0.0,0.0,0.0,0.0,0.0,0.0,0.0,0.0,0.0,0.0,181.06,0.0,0,1,2,2,0,2,0,0,0,0,0,0,0,0,0,0,0,0,0,1,0,2,4,0,0,0,0,0,0,0,181.06,7,Gen_Z,0,7,0,0,7,0,0.8222222222222222,0.07777777777777778,25.865714285714287,0,8,0.0,0.0,0.0,0.0,181.06,0.0,0.0,0.0,0.0,0.0,0.0,0.0,0.0,0.0,0.0,0.0,0.0,0.0,1.0,0.0,0.0,0.0,0.0,0.0,1.0,0.14285714285714285,0.0,1.0,0.0,0.0,1.0,0.0,8.5
c105adcd06,8670,26,3,17,7,6,77,NOPROMO,CARD,225.11,0.0,0.0,0.0,0.0,0.0,0.0,0.0,0.0,0.0,0.0,0.0,0.0,0.0,0.0,0,0,2,0,1,3,2,1,3,3,1,0,0,0,0,0,0,0,0,0,0,0,0,0,0,0,0,0,0,0,225.11,8,Millennials,2,6,8,0,0,0,0.8555555555555555,0.08888888888888889,28.13875,0,8,0.0,225.11,0.0,225.11,0.0,1.0,0.0,0.0,0.0,0.0,0.0,0.0,0.0,0.0,0.0,0.0,0.0,0.0,0.0,0.0,0.0,1.0,0.0,1.0,0.0,0.875,0.25,0.75,1.0,0.0,0.0,0.0,5.666666666666667
1aceb9952c,4660,34,12,40,5,6,88,NOPROMO,CARD,6.67,159.41,0.0,15.23,0.0,76.6,0.0,0.0,57.71,12.94,48.69,0.0,44.74,0.0,0.0,2,2,0,3,8,2,3,0,0,0,0,0,0,0,1,0,1,0,0,0,0,1,2,6,6,3,0,0,0,0,421.98999999999995,20,Millennials,5,15,0,2,9,9,0.9777777777777777,0.2222222222222222,21.0995,0,4,342.40999999999997,19.61,44.74,406.76,15.23,0.01580606175501789,0.37775776677172446,0.0,0.03609090262802436,0.0,0.18152088912059527,0.0,0.0,0.13675679518472003,0.03066423374961492,0.11538188108722956,0.0,0.10602146970307355,0.0,0.0,0.8114173321642694,0.046470295504632816,0.10602146970307355,0.9639090973719757,0.03609090262802436,0.25,0.25,0.75,0.0,0.1,0.45,0.45,3.3333333333333335
b9ad02f179,4660,32,4,62,48,6,89,DELIVERY,CARD,0.0,0.0,0.0,266.6,0.0,0.0,0.0,0.0,0.0,0.0,0.0,0.0,144.03,0.0,0.0,7,7,10,7,8,8,4,0,0,0,0,0,0,2,12,6,7,7,7,6,2,0,1,1,0,0,0,0,0,0,410.63,51,Millennials,11,40,0,34,17,0,0.9888888888888889,0.5666666666666667,8.05156862745098,1,4,0.0,0.0,144.03,144.03,266.6,0.0,0.0,0.0,0.6492462801061784,0.0,0.0,0.0,0.0,0.0,0.0,0.0,0.0,0.3507537198938217,0.0,0.0,0.0,0.0,0.3507537198938217,0.3507537198938217,0.6492462801061784,0.9411764705882353,0.21568627450980393,0.7843137254901961,0.0,0.6666666666666666,0.3333333333333333,0.0,15.5
bb8bc0c6a4,2360,24,1,18,0,7,75,DELIVERY,DIGI,0.0,0.0,0.0,0.0,0.0,74.73,0.0,0.0,0.0,0.0,0.0,0.0,0.0,0.0,0.0,0,0,1,1,4,2,2,0,0,0,0,0,0,0,0,0,0,0,0,1,1,0,0,1,2,1,2,2,0,0,74.73,10,Gen_Z,2,8,0,0,3,7,0.8333333333333334,0.1111111111111111,7.473000000000001,1,2,74.73,0.0,0.0,74.73,0.0,0.0,0.0,0.0,0.0,0.0,1.0,0.0,0.0,0.0,0.0,0.0,0.0,0.0,0.0,0.0,1.0,0.0,0.0,1.0,0.0,0.0,0.2,0.8,0.0,0.0,0.3,0.7,18.0
88923fb5a9,4660,28,3,31,21,7,89,NOPROMO,CARD,187.02,8.04,0.0,0.0,0.0,0.0,0.0,0.0,0.0,0.0,0.0,0.0,0.0,0.0,0.0,5,0,5,3,4,3,3,0,0,0,0,0,0,0,0,2,5,5,0,0,1,1,3,4,0,0,2,0,0,0,195.06,23,Millennials,8,15,0,12,9,2,0.9888888888888889,0.25555555555555554,8.480869565217391,0,4,8.04,187.02,0.0,195.06,0.0,0.9587819132574593,0.04121808674254075,0.0,0.0,0.0,0.0,0.0,0.0,0.0,0.0,0.0,0.0,0.0,0.0,0.0,0.04121808674254075,0.9587819132574593,0.0,1.0,0.0,0.9130434782608695,0.34782608695652173,0.6521739130434783,0.0,0.5217391304347826,0.391304347826087,0.08695652173913043,10.333333333333334
dcb8ec929c,4660,26,10,68,43,7,89,NOPROMO,DIGI,10.56,0.0,0.0,87.46,0.0,0.0,0.0,0.0,0.0,22.13,0.0,0.0,366.08,0.0,120.61,7,3,6,9,14,6,8,0,0,0,0,0,0,0,0,11,13,5,1,1,1,6,7,7,1,0,0,0,0,0,606.8399999999999,53,Millennials,15,38,0,29,23,1,0.9888888888888889,0.5888888888888889,11.449811320754716,0,4,120.61,32.69,366.08,519.38,87.46,0.017401621514732058,0.0,0.0,0.14412365697712742,0.0,0.0,0.0,0.0,0.0,0.03646760266297542,0.0,0.0,0.6032562125107113,0.0,0.19875090633445391,0.19875090633445391,0.053869224177707474,0.6032562125107113,0.8558763430228727,0.14412365697712742,0.8113207547169812,0.2830188679245283,0.7169811320754716,0.0,0.5471698113207547,0.4339622641509434,0.018867924528301886,6.8
2cc9421a85,8670,47,1,14,0,8,57,FREEBIE,DIGI,0.0,0.0,173.32,0.0,0.0,0.0,0.0,0.0,0.0,0.0,0.0,0.0,0.0,0.0,0.0,2,2,1,1,1,0,0,0,0,0,0,0,0,0,0,2,3,2,0,0,0,0,0,0,0,0,0,0,0,0,173.32,7,Gen_X,2,5,0,7,0,0,0.6333333333333333,0.07777777777777778,24.759999999999998,1,8,0.0,0.0,0.0,0.0,173.32,0.0,0.0,1.0,0.0,0.0,0.0,0.0,0.0,0.0,0.0,0.0,0.0,0.0,0.0,0.0,0.0,0.0,0.0,0.0,1.0,0.0,0.2857142857142857,0.7142857142857143,0.0,1.0,0.0,0.0,14.0
af97f258e9,8670,27,8,44,1,8,85,DISCOUNT,DIGI,0.0,419.05,0.0,0.0,0.0,0.0,18.42,12.25,0.0,0.0,23.36,0.0,0.0,76.35,0.0,4,4,3,3,4,0,4,1,0,0,0,4,3,8,3,3,0,0,0,0,0,0,0,0,0,0,0,0,0,0,549.4300000000001,22,Millennials,8,14,5,17,0,0,0.9444444444444444,0.24444444444444444,24.97409090909091,1,8,442.41,0.0,0.0,442.41,94.77,0.0,0.7626995249622335,0.0,0.0,0.0,0.0,0.033525653859454344,0.02229583386418652,0.0,0.0,0.04251679012795078,0.0,0.0,0.13896219718617472,0.0,0.8052163150901843,0.0,0.0,0.8052163150901843,0.17248785104562908,0.045454545454545456,0.36363636363636365,0.6363636363636364,0.22727272727272727,0.7727272727272727,0.0,0.0,5.5
a5acad4b7d,4660,30,1,14,0,8,88,FREEBIE,CARD,0.0,0.0,0.0,0.0,0.0,0.0,0.0,0.0,156.04,0.0,0.0,0.0,0.0,0.0,0.0,1,0,0,10,0,0,0,0,0,0,0,0,0,0,0,0,0,0,0,0,0,2,5,4,0,0,0,0,0,0,156.04,11,Millennials,1,10,0,0,11,0,0.9777777777777777,0.12222222222222222,14.185454545454546,1,4,156.04,0.0,0.0,156.04,0.0,0.0,0.0,0.0,0.0,0.0,0.0,0.0,0.0,1.0,0.0,0.0,0.0,0.0,0.0,0.0,1.0,0.0,0.0,1.0,0.0,0.0,0.09090909090909091,0.9090909090909091,0.0,0.0,1.0,0.0,14.0
e4ca9ab5de,2360,25,1,18,18,8,88,NOPROMO,CARD,0.0,0.0,0.0,0.0,0.0,0.0,0.0,0.0,0.0,0.0,29.16,0.0,0.0,0.0,0.0,6,2,2,6,1,1,0,0,0,0,0,0,0,0,0,0,0,4,10,2,1,0,0,0,1,0,0,0,0,0,29.16,18,Gen_Z,6,12,0,4,13,1,0.9777777777777777,0.2,1.62,0,2,29.16,0.0,0.0,29.16,0.0,0.0,0.0,0.0,0.0,0.0,0.0,0.0,0.0,0.0,0.0,1.0,0.0,0.0,0.0,0.0,1.0,0.0,0.0,1.0,0.0,1.0,0.3333333333333333,0.6666666666666666,0.0,0.2222222222222222,0.7222222222222222,0.05555555555555555,18.0
ec3b86b3d6,8670,25,14,47,4,8,89,FREEBIE,DIGI,0.0,79.5,47.12,0.0,0.0,18.2,18.13,0.0,0.0,0.0,0.0,0.0,0.0,454.45,0.0,3,2,3,3,4,2,2,0,1,0,0,1,2,0,1,0,1,0,0,1,4,1,1,0,1,0,0,0,1,2,617.4,19,Gen_Z,5,14,2,4,7,4,0.9888888888888889,0.2111111111111111,32.49473684210526,1,8,97.7,0.0,0.0,97.7,519.7,0.0,0.12876579203109817,0.0763200518302559,0.0,0.0,0.02947845804988662,0.029365079365079365,0.0,0.0,0.0,0.0,0.0,0.0,0.73607061872368,0.0,0.15824425008098478,0.0,0.0,0.15824425008098478,0.8417557499190154,0.21052631578947367,0.2631578947368421,0.7368421052631579,0.10526315789473684,0.21052631578947367,0.3684210526315789,0.21052631578947367,3.357142857142857
e8d2c65b76,4660,20,1,19,0,9,74,NOPROMO,CARD,0.0,0.0,0.0,0.0,0.0,0.0,0.0,0.0,0.0,186.49,0.0,0.0,0.0,0.0,0.0,1,4,4,2,2,0,0,0,0,0,0,0,3,9,1,0,0,0,0,0,0,0,0,0,0,0,0,0,0,0,186.49,13,Gen_Z,1,12,0,13,0,0,0.8222222222222222,0.14444444444444443,14.345384615384615,0,4,0.0,186.49,0.0,186.49,0.0,0.0,0.0,0.0,0.0,0.0,0.0,0.0,0.0,0.0,1.0,0.0,0.0,0.0,0.0,0.0,0.0,1.0,0.0,1.0,0.0,0.0,0.07692307692307693,0.9230769230769231,0.0,1.0,0.0,0.0,19.0
7941fb41a7,2360,30,2,24,7,9,88,FREEBIE,CARD,0.0,0.0,0.0,0.0,0.0,0.0,0.0,0.0,0.0,0.0,0.0,0.0,138.08,0.0,0.0,0,1,1,3,2,0,0,0,0,0,0,0,0,0,0,0,0,7,0,0,0,0,0,0,0,0,0,0,0,0,138.08,7,Millennials,0,7,0,7,0,0,0.9777777777777777,0.07777777777777778,19.725714285714286,1,2,0.0,0.0,138.08,138.08,0.0,0.0,0.0,0.0,0.0,0.0,0.0,0.0,0.0,0.0,0.0,0.0,0.0,1.0,0.0,0.0,0.0,0.0,1.0,1.0,0.0,1.0,0.0,1.0,0.0,1.0,0.0,0.0,12.0
55b8ab155b,8670,23,1,6,2,10,64,NOPROMO,CARD,0.0,0.0,0.0,0.0,0.0,0.0,0.0,0.0,0.0,0.0,0.0,0.0,0.0,91.65,0.0,1,0,1,0,0,0,0,0,0,0,0,0,0,0,0,0,0,0,1,0,1,0,0,0,0,0,0,0,0,0,91.65,2,Gen_Z,1,1,0,0,2,0,0.7111111111111111,0.022222222222222223,45.825,0,8,0.0,0.0,0.0,0.0,91.65,0.0,0.0,0.0,0.0,0.0,0.0,0.0,0.0,0.0,0.0,0.0,0.0,0.0,1.0,0.0,0.0,0.0,0.0,0.0,1.0,1.0,0.5,0.5,0.0,0.0,1.0,0.0,6.0
67b2fb868c,8670,25,14,34,4,12,88,NOPROMO,CASH,49.71,234.12,30.55,0.0,0.0,0.0,0.0,37.13,0.0,0.0,47.23,0.0,0.0,59.82,0.0,2,0,0,3,2,2,5,0,0,0,2,0,0,1,1,0,5,4,1,0,0,0,0,0,0,0,0,0,0,0,458.56,14,Gen_Z,7,7,2,11,1,0,0.9777777777777777,0.15555555555555556,32.754285714285714,0,8,281.35,49.71,0.0,331.06,90.37,0.10840457083042568,0.5105547801814375,0.06662159804605722,0.0,0.0,0.0,0.0,0.08097086531751571,0.0,0.0,0.10299633635729238,0.0,0.0,0.13045184926727146,0.0,0.61355111653873,0.10840457083042568,0.0,0.7219556873691556,0.19707344731332868,0.2857142857142857,0.5,0.5,0.14285714285714285,0.7857142857142857,0.07142857142857142,0.0,2.4285714285714284
34e55dea59,8670,25,20,38,8,13,89,NOPROMO,CARD,61.01,30.62,6.53,0.0,0.0,0.0,38.5,0.0,0.0,0.0,110.13,0.0,0.0,193.53,0.0,3,2,2,7,4,3,0,0,0,0,1,1,0,0,1,0,1,0,6,0,3,2,1,0,1,0,0,0,0,2,440.32,21,Gen_Z,3,18,2,2,12,3,0.9888888888888889,0.23333333333333334,20.967619047619046,0,8,140.75,61.01,0.0,201.76,238.56,0.13855832122093023,0.06954033430232559,0.014830123546511628,0.0,0.0,0.0,0.08743640988372094,0.0,0.0,0.0,0.25011355377906974,0.0,0.0,0.43952125726744184,0.0,0.31965388808139533,0.13855832122093023,0.0,0.4582122093023256,0.5417877906976745,0.38095238095238093,0.14285714285714285,0.8571428571428571,0.09523809523809523,0.09523809523809523,0.5714285714285714,0.14285714285714285,1.9
e4240aa3e0,8670,25,1,9,0,14,79,NOPROMO,CARD,0.0,120.82,0.0,0.0,0.0,0.0,0.0,0.0,0.0,0.0,0.0,0.0,0.0,0.0,0.0,0,1,0,0,1,0,2,0,0,0,0,0,2,0,0,0,0,2,0,0,0,0,0,0,0,0,0,0,0,0,120.82,4,Gen_Z,2,2,0,4,0,0,0.8777777777777778,0.044444444444444446,30.205,0,8,120.82,0.0,0.0,120.82,0.0,0.0,1.0,0.0,0.0,0.0,0.0,0.0,0.0,0.0,0.0,0.0,0.0,0.0,0.0,0.0,1.0,0.0,0.0,1.0,0.0,0.0,0.5,0.5,0.0,1.0,0.0,0.0,9.0
c69aa90049,8670,37,3,15,0,14,85,NOPROMO,CARD,0.0,0.0,0.0,0.0,0.0,0.0,0.0,18.49,0.0,0.0,0.0,0.0,0.0,195.51,0.0,1,0,1,0,1,0,2,0,0,0,0,0,0,0,0,1,0,1,1,0,1,1,0,0,0,0,0,0,0,0,214.0,5,Millennials,3,2,0,2,3,0,0.9444444444444444,0.05555555555555555,42.8,0,8,0.0,0.0,0.0,0.0,195.51,0.0,0.0,0.0,0.0,0.0,0.0,0.0,0.0864018691588785,0.0,0.0,0.0,0.0,0.0,0.9135981308411214,0.0,0.0,0.0,0.0,0.0,0.9135981308411214,0.0,0.6,0.4,0.0,0.4,0.6,0.0,5.0
d3a4f15281,8670,20,2,9,0,15,15,DISCOUNT,DIGI,19.24,0.0,0.0,0.0,0.0,0.0,0.0,0.0,0.0,0.0,0.0,0.0,0.0,121.88,0.0,2,0,0,0,0,0,0,0,1,0,0,0,0,0,0,0,0,1,0,0,0,0,0,0,0,0,0,0,0,0,141.12,2,Gen_Z,2,0,1,1,0,0,0.16666666666666666,0.022222222222222223,70.56,1,8,0.0,19.24,0.0,19.24,121.88,0.1363378684807256,0.0,0.0,0.0,0.0,0.0,0.0,0.0,0.0,0.0,0.0,0.0,0.0,0.8636621315192743,0.0,0.0,0.1363378684807256,0.0,0.1363378684807256,0.8636621315192743,0.0,1.0,0.0,0.5,0.5,0.0,0.0,4.5
a670544872,8670,18,17,40,4,15,89,FREEBIE,DIGI,0.0,360.48,0.0,0.0,0.0,24.85,12.02,0.0,0.0,0.0,6.63,0.0,0.0,55.47,0.0,4,2,6,2,4,2,3,0,3,0,1,0,1,1,12,2,2,0,0,0,0,0,0,0,0,0,0,0,0,0,459.45000000000005,23,Gen_Z,7,16,4,18,0,0,0.9888888888888889,0.25555555555555554,19.97608695652174,1,8,391.96000000000004,0.0,0.0,391.96000000000004,67.49,0.0,0.7845902709761671,0.0,0.0,0.0,0.0540864076613342,0.026161715094134286,0.0,0.0,0.0,0.014430297094351941,0.0,0.0,0.1207313091740124,0.0,0.8531069757318533,0.0,0.0,0.8531069757318533,0.14689302426814668,0.17391304347826086,0.30434782608695654,0.6956521739130435,0.17391304347826086,0.782608695652174,0.0,0.0,2.3529411764705883
28f2956ca1,8670,26,4,13,1,16,38,FREEBIE,CASH,0.0,180.13,13.79,0.0,0.0,0.0,0.0,12.19,0.0,0.0,0.0,0.0,0.0,0.0,0.0,0,1,2,0,0,1,0,0,0,0,0,1,0,1,2,0,0,0,0,0,0,0,0,0,0,0,0,0,0,0,206.10999999999999,4,Millennials,0,4,1,3,0,0,0.4222222222222222,0.044444444444444446,51.527499999999996,1,8,180.13,0.0,0.0,180.13,13.79,0.0,0.8739508029692883,0.0669060210567173,0.0,0.0,0.0,0.0,0.05914317597399447,0.0,0.0,0.0,0.0,0.0,0.0,0.0,0.8739508029692883,0.0,0.0,0.8739508029692883,0.0669060210567173,0.25,0.0,1.0,0.25,0.75,0.0,0.0,3.25
a3f32fbd80,8670,26,2,11,0,17,39,NOPROMO,CARD,0.0,0.0,0.0,0.0,0.0,0.0,30.1,0.0,0.0,0.0,0.0,0.0,0.0,136.33,0.0,0,0,1,1,0,1,1,0,0,0,0,0,0,0,0,0,0,0,2,1,0,1,0,0,0,0,0,0,0,0,166.43,4,Millennials,1,3,0,0,4,0,0.43333333333333335,0.044444444444444446,41.6075,0,8,0.0,0.0,0.0,0.0,166.43,0.0,0.0,0.0,0.0,0.0,0.0,0.18085681667968515,0.0,0.0,0.0,0.0,0.0,0.0,0.8191431833203149,0.0,0.0,0.0,0.0,0.0,1.0,0.0,0.25,0.75,0.0,0.0,1.0,0.0,5.5
18a0b88c9d,8670,26,12,33,2,18,84,NOPROMO,CASH,0.0,129.2,0.0,0.0,0.0,0.0,36.38,0.0,0.0,0.0,63.99,0.0,0.0,194.99,0.0,1,1,2,2,2,4,4,0,0,0,0,1,0,1,0,0,2,2,1,1,4,1,1,1,0,0,0,0,0,0,424.56,16,Millennials,5,11,1,5,9,0,0.9333333333333333,0.17777777777777778,26.535,0,8,193.19,0.0,0.0,193.19,231.37,0.0,0.3043150555869606,0.0,0.0,0.0,0.0,0.08568871302053892,0.0,0.0,0.0,0.1507207461842849,0.0,0.0,0.4592754852082156,0.0,0.45503580177124553,0.0,0.0,0.45503580177124553,0.5449641982287545,0.125,0.3125,0.6875,0.0625,0.3125,0.5625,0.0,2.75
eb2dcbd76d,8670,20,2,12,2,19,36,NOPROMO,CARD,0.0,0.0,168.91,0.0,0.0,0.0,11.99,0.0,0.0,0.0,0.0,0.0,0.0,0.0,0.0,1,0,0,0,1,1,0,0,0,1,0,1,1,0,0,0,0,0,0,0,0,0,0,0,0,0,0,0,0,0,180.9,3,Gen_Z,1,2,2,1,0,0,0.4,0.03333333333333333,60.300000000000004,0,8,0.0,0.0,0.0,0.0,180.9,0.0,0.0,0.9337202874516307,0.0,0.0,0.0,0.06627971254836926,0.0,0.0,0.0,0.0,0.0,0.0,0.0,0.0,0.0,0.0,0.0,0.0,1.0,0.6666666666666666,0.3333333333333333,0.6666666666666666,0.6666666666666666,0.3333333333333333,0.0,0.0,6.0
e0a8cb011c,8670,24,2,9,1,19,75,NOPROMO,CARD,48.46,91.52,0.0,0.0,0.0,0.0,0.0,0.0,0.0,0.0,0.0,0.0,0.0,0.0,0.0,0,0,0,0,2,0,0,0,1,1,0,0,0,0,0,0,0,0,0,0,0,0,0,0,0,0,0,0,0,0,139.98,2,Gen_Z,0,2,2,0,0,0,0.8333333333333334,0.022222222222222223,69.99,0,8,91.52,48.46,0.0,139.98,0.0,0.34619231318759824,0.6538076868124018,0.0,0.0,0.0,0.0,0.0,0.0,0.0,0.0,0.0,0.0,0.0,0.0,0.0,0.6538076868124018,0.34619231318759824,0.0,1.0,0.0,0.5,0.0,1.0,1.0,0.0,0.0,0.0,4.5
6055ec3830,8670,23,15,38,3,19,86,FREEBIE,CARD,60.29,385.74,43.89,0.0,0.0,0.0,12.43,0.0,0.0,0.0,0.0,0.0,0.0,5.76,0.0,1,4,1,3,5,2,0,0,4,5,1,1,0,1,1,1,1,1,0,0,0,0,0,0,0,0,0,0,0,0,508.11,16,Gen_Z,1,15,11,5,0,0,0.9555555555555556,0.17777777777777778,31.756875,1,8,385.74,60.29,0.0,446.03000000000003,62.08,0.11865540926177402,0.7591663222530555,0.08637893369545964,0.0,0.0,0.0,0.024463206785932178,0.0,0.0,0.0,0.0,0.0,0.0,0.011336128003778709,0.0,0.7591663222530555,0.11865540926177402,0.0,0.8778217315148295,0.12217826848517052,0.1875,0.0625,0.9375,0.6875,0.3125,0.0,0.0,2.533333333333333
257665e575,2360,23,1,21,0,20,71,NOPROMO,CARD,0.0,0.0,0.0,0.0,0.0,102.09,0.0,0.0,0.0,0.0,0.0,0.0,0.0,0.0,0.0,2,0,0,0,0,2,1,0,0,0,0,0,0,0,0,0,0,0,0,0,0,0,0,0,5,0,0,0,0,0,102.09,5,Gen_Z,3,2,0,0,0,5,0.7888888888888889,0.05555555555555555,20.418,0,2,102.09,0.0,0.0,102.09,0.0,0.0,0.0,0.0,0.0,0.0,1.0,0.0,0.0,0.0,0.0,0.0,0.0,0.0,0.0,0.0,1.0,0.0,0.0,1.0,0.0,0.0,0.6,0.4,0.0,0.0,0.0,1.0,21.0
da34c01dde,8370,23,1,10,0,20,73,NOPROMO,CARD,0.0,137.14,0.0,0.0,0.0,0.0,0.0,0.0,0.0,0.0,0.0,0.0,0.0,0.0,0.0,0,0,1,0,2,1,0,2,1,0,0,0,0,0,0,0,0,0,0,0,0,0,0,0,0,0,0,0,0,0,137.14,4,Gen_Z,0,4,3,0,0,0,0.8111111111111111,0.044444444444444446,34.285,0,8,137.14,0.0,0.0,137.14,0.0,0.0,1.0,0.0,0.0,0.0,0.0,0.0,0.0,0.0,0.0,0.0,0.0,0.0,0.0,0.0,1.0,0.0,0.0,1.0,0.0,0.0,0.0,1.0,0.75,0.0,0.0,0.0,10.0
9c961cc827,8670,31,1,8,0,22,77,FREEBIE,CARD,0.0,0.0,0.0,0.0,0.0,0.0,0.0,0.0,0.0,0.0,0.0,0.0,0.0,112.18,0.0,1,0,0,0,0,0,1,0,0,0,0,0,0,0,0,0,0,0,1,0,0,1,0,0,0,0,0,0,0,0,112.18,2,Millennials,2,0,0,0,2,0,0.8555555555555555,0.022222222222222223,56.09,1,8,0.0,0.0,0.0,0.0,112.18,0.0,0.0,0.0,0.0,0.0,0.0,0.0,0.0,0.0,0.0,0.0,0.0,0.0,1.0,0.0,0.0,0.0,0.0,0.0,1.0,0.0,1.0,0.0,0.0,0.0,1.0,0.0,8.0
8c751a118d,4660,27,1,17,10,24,89,NOPROMO,CARD,0.0,0.0,0.0,0.0,0.0,0.0,0.0,0.0,0.0,0.0,0.0,0.0,68.58,0.0,0.0,1,1,1,1,2,4,0,0,0,0,0,0,0,0,0,0,0,0,0,1,0,7,2,0,0,0,0,0,0,0,68.58,10,Millennials,1,9,0,0,10,0,0.9888888888888889,0.1111111111111111,6.858,0,4,0.0,0.0,68.58,68.58,0.0,0.0,0.0,0.0,0.0,0.0,0.0,0.0,0.0,0.0,0.0,0.0,0.0,1.0,0.0,0.0,0.0,0.0,1.0,1.0,0.0,1.0,0.1,0.9,0.0,0.0,1.0,0.0,17.0
60735c6a48,8670,19,5,25,1,25,81,NOPROMO,CARD,0.0,63.08,0.0,0.0,0.0,0.0,0.0,0.0,0.0,0.0,0.0,0.0,0.0,291.61,0.0,0,1,3,2,0,0,1,0,0,0,0,1,0,0,0,0,0,0,0,2,2,0,0,0,1,0,0,0,0,1,354.69,7,Gen_Z,1,6,1,0,4,2,0.9,0.07777777777777778,50.67,0,8,63.08,0.0,0.0,63.08,291.61,0.0,0.1778454424990837,0.0,0.0,0.0,0.0,0.0,0.0,0.0,0.0,0.0,0.0,0.0,0.8221545575009164,0.0,0.1778454424990837,0.0,0.0,0.1778454424990837,0.8221545575009164,0.14285714285714285,0.14285714285714285,0.8571428571428571,0.14285714285714285,0.0,0.5714285714285714,0.2857142857142857,5.0
f69dd69ce7,8670,21,1,9,0,26,31,NOPROMO,DIGI,0.0,0.0,0.0,0.0,0.0,0.0,0.0,0.0,0.0,0.0,0.0,0.0,0.0,138.62,0.0,0,0,1,0,1,0,0,0,0,0,0,0,0,0,0,0,0,0,0,1,0,0,1,0,0,0,0,0,0,0,138.62,2,Gen_Z,0,2,0,0,2,0,0.34444444444444444,0.022222222222222223,69.31,0,8,0.0,0.0,0.0,0.0,138.62,0.0,0.0,0.0,0.0,0.0,0.0,0.0,0.0,0.0,0.0,0.0,0.0,0.0,1.0,0.0,0.0,0.0,0.0,0.0,1.0,0.0,0.0,1.0,0.0,0.0,1.0,0.0,9.0
e5b477d914,4660,31,1,8,3,26,76,NOPROMO,CARD,0.0,99.24,0.0,0.0,0.0,0.0,0.0,0.0,0.0,0.0,0.0,0.0,0.0,0.0,0.0,0,0,0,0,1,1,1,0,0,0,0,0,0,0,0,1,0,0,0,1,0,1,0,0,0,0,0,0,0,0,99.24,3,Millennials,1,2,0,1,2,0,0.8444444444444444,0.03333333333333333,33.08,0,4,99.24,0.0,0.0,99.24,0.0,0.0,1.0,0.0,0.0,0.0,0.0,0.0,0.0,0.0,0.0,0.0,0.0,0.0,0.0,0.0,1.0,0.0,0.0,1.0,0.0,1.0,0.3333333333333333,0.6666666666666666,0.0,0.3333333333333333,0.6666666666666666,0.0,8.0
8b67f573e3,8670,27,2,11,0,26,84,NOPROMO,CARD,0.0,0.0,0.0,0.0,0.0,0.0,0.0,0.0,0.0,0.0,0.0,0.0,0.0,176.46,0.0,0,0,0,0,1,0,1,0,0,0,0,0,0,0,0,0,2,0,0,0,0,0,0,0,0,0,0,0,0,0,176.46,2,Millennials,1,1,0,2,0,0,0.9333333333333333,0.022222222222222223,88.23,0,8,0.0,0.0,0.0,0.0,176.46,0.0,0.0,0.0,0.0,0.0,0.0,0.0,0.0,0.0,0.0,0.0,0.0,0.0,1.0,0.0,0.0,0.0,0.0,0.0,1.0,0.0,0.5,0.5,0.0,1.0,0.0,0.0,5.5
496e781eb6,8670,25,1,6,0,28,28,NOPROMO,CARD,0.0,0.0,0.0,0.0,0.0,0.0,0.0,0.0,0.0,0.0,0.0,0.0,0.0,104.32,0.0,0,0,0,0,0,0,1,0,0,0,0,0,0,0,0,0,0,1,0,0,0,0,0,0,0,0,0,0,0,0,104.32,1,Gen_Z,1,0,0,1,0,0,0.3111111111111111,0.011111111111111112,104.32,0,8,0.0,0.0,0.0,0.0,104.32,0.0,0.0,0.0,0.0,0.0,0.0,0.0,0.0,0.0,0.0,0.0,0.0,0.0,1.0,0.0,0.0,0.0,0.0,0.0,1.0,0.0,1.0,0.0,0.0,1.0,0.0,0.0,6.0
dcd665d317,4140,29,1,70,0,28,88,DISCOUNT,DIGI,0.0,0.0,0.0,0.0,0.0,0.0,0.0,0.0,0.0,468.33,0.0,0.0,0.0,0.0,0.0,3,2,6,3,4,3,6,0,0,0,0,0,0,0,1,2,2,1,2,3,1,4,4,4,3,0,0,0,0,0,468.33,27,Millennials,9,18,0,6,18,3,0.9777777777777777,0.3,17.345555555555556,1,4,0.0,468.33,0.0,468.33,0.0,0.0,0.0,0.0,0.0,0.0,0.0,0.0,0.0,0.0,1.0,0.0,0.0,0.0,0.0,0.0,0.0,1.0,0.0,1.0,0.0,0.0,0.3333333333333333,0.6666666666666666,0.0,0.2222222222222222,0.6666666666666666,0.1111111111111111,70.0
df31032b17,2360,31,2,23,1,28,89,FREEBIE,CARD,0.0,9.29,0.0,0.0,0.0,120.05,0.0,0.0,0.0,0.0,0.0,0.0,0.0,0.0,0.0,0,0,0,1,4,1,1,0,0,0,0,0,0,0,0,1,0,1,0,0,0,0,0,1,2,0,2,0,0,0,129.34,7,Millennials,1,6,0,2,1,4,0.9888888888888889,0.07777777777777778,18.47714285714286,1,2,129.34,0.0,0.0,129.34,0.0,0.0,0.07182619452605535,0.0,0.0,0.0,0.9281738054739446,0.0,0.0,0.0,0.0,0.0,0.0,0.0,0.0,0.0,1.0,0.0,0.0,1.0,0.0,0.14285714285714285,0.14285714285714285,0.8571428571428571,0.0,0.2857142857142857,0.14285714285714285,0.5714285714285714,11.5
87572b6b4f,4660,41,1,15,10,30,83,NOPROMO,CARD,0.0,0.0,0.0,0.0,0.0,0.0,0.0,0.0,0.0,121.48,0.0,0.0,0.0,0.0,0.0,1,1,1,0,4,2,1,0,0,0,0,0,0,0,0,0,0,0,0,0,2,4,4,0,0,0,0,0,0,0,121.48,10,Millennials,2,8,0,0,10,0,0.9222222222222223,0.1111111111111111,12.148,0,4,0.0,121.48,0.0,121.48,0.0,0.0,0.0,0.0,0.0,0.0,0.0,0.0,0.0,0.0,1.0,0.0,0.0,0.0,0.0,0.0,0.0,1.0,0.0,1.0,0.0,1.0,0.2,0.8,0.0,0.0,1.0,0.0,15.0
7d1c3f3519,8670,26,1,9,4,31,87,NOPROMO,CARD,0.0,0.0,0.0,0.0,0.0,0.0,0.0,0.0,0.0,0.0,0.0,0.0,0.0,117.63,0.0,0,1,3,0,0,0,0,0,0,0,0,0,0,0,0,2,2,0,0,0,0,0,0,0,0,0,0,0,0,0,117.63,4,Millennials,0,4,0,4,0,0,0.9666666666666667,0.044444444444444446,29.4075,0,8,0.0,0.0,0.0,0.0,117.63,0.0,0.0,0.0,0.0,0.0,0.0,0.0,0.0,0.0,0.0,0.0,0.0,0.0,1.0,0.0,0.0,0.0,0.0,0.0,1.0,1.0,0.0,1.0,0.0,1.0,0.0,0.0,9.0
3de72b5134,8670,27,1,8,0,32,32,FREEBIE,DIGI,0.0,0.0,0.0,0.0,0.0,0.0,118.8,0.0,0.0,0.0,0.0,0.0,0.0,0.0,0.0,0,0,0,2,0,0,0,0,0,0,0,2,0,0,0,0,0,0,0,0,0,0,0,0,0,0,0,0,0,0,118.8,2,Millennials,0,2,2,0,0,0,0.35555555555555557,0.022222222222222223,59.4,1,8,0.0,0.0,0.0,0.0,118.8,0.0,0.0,0.0,0.0,0.0,0.0,1.0,0.0,0.0,0.0,0.0,0.0,0.0,0.0,0.0,0.0,0.0,0.0,0.0,1.0,0.0,0.0,1.0,1.0,0.0,0.0,0.0,8.0
503d0b3eea,8370,20,3,16,0,32,76,NOPROMO,CARD,0.0,18.0,0.0,0.0,0.0,0.0,0.0,0.0,0.0,0.0,0.0,0.0,0.0,200.26,0.0,0,1,0,2,0,2,1,0,0,0,0,0,0,0,0,0,1,0,0,0,5,0,0,0,0,0,0,0,0,0,218.26,6,Gen_Z,1,5,0,1,5,0,0.8444444444444444,0.06666666666666667,36.376666666666665,0,8,18.0,0.0,0.0,18.0,200.26,0.0,0.08247044808943463,0.0,0.0,0.0,0.0,0.0,0.0,0.0,0.0,0.0,0.0,0.0,0.9175295519105654,0.0,0.08247044808943463,0.0,0.0,0.08247044808943463,0.9175295519105654,0.0,0.16666666666666666,0.8333333333333334,0.0,0.16666666666666666,0.8333333333333334,0.0,5.333333333333333
e0464073f2,8670,34,4,14,1,32,79,NOPROMO,CARD,0.0,55.02,0.0,0.0,0.0,0.0,0.0,0.0,0.0,0.0,24.02,0.0,0.0,141.88,0.0,0,1,1,2,0,0,0,0,0,0,1,0,1,0,0,1,0,0,0,0,0,1,0,0,0,0,0,0,0,0,220.92000000000002,4,Millennials,0,4,1,2,1,0,0.8777777777777778,0.044444444444444446,55.230000000000004,0,8,79.04,0.0,0.0,79.04,141.88,0.0,0.24904942965779467,0.0,0.0,0.0,0.0,0.0,0.0,0.0,0.0,0.10872714104653267,0.0,0.0,0.6422234292956726,0.0,0.35777657070432733,0.0,0.0,0.35777657070432733,0.6422234292956726,0.25,0.0,1.0,0.25,0.5,0.25,0.0,3.5
ac554ecf56,8670,19,2,8,0,34,78,FREEBIE,DIGI,0.0,0.0,0.0,0.0,0.0,0.0,0.0,0.0,0.0,0.0,0.0,0.0,0.0,133.52,0.0,1,0,0,0,0,1,0,0,0,0,0,0,0,0,0,0,1,0,0,0,1,0,0,0,0,0,0,0,0,0,133.52,2,Gen_Z,1,1,0,1,1,0,0.8666666666666667,0.022222222222222223,66.76,1,8,0.0,0.0,0.0,0.0,133.52,0.0,0.0,0.0,0.0,0.0,0.0,0.0,0.0,0.0,0.0,0.0,0.0,0.0,1.0,0.0,0.0,0.0,0.0,0.0,1.0,0.0,0.5,0.5,0.0,0.5,0.5,0.0,4.0
62e7f68f53,8670,21,11,38,4,34,89,FREEBIE,CASH,30.08,299.37,42.61,0.0,0.0,0.0,12.02,66.33,0.0,0.0,0.0,0.0,0.0,23.69,0.0,2,2,2,1,3,6,2,0,6,5,0,0,1,0,3,3,0,0,0,0,0,0,0,0,0,0,0,0,0,0,474.09999999999997,18,Gen_Z,4,14,11,7,0,0,0.9888888888888889,0.2,26.33888888888889,1,8,299.37,30.08,0.0,329.45,78.32,0.06344653026787597,0.6314490613794559,0.0898755536806581,0.0,0.0,0.0,0.025353300991352037,0.13990719257540604,0.0,0.0,0.0,0.0,0.0,0.04996836110525206,0.0,0.6314490613794559,0.06344653026787597,0.0,0.6948955916473318,0.16519721577726218,0.2222222222222222,0.2222222222222222,0.7777777777777778,0.6111111111111112,0.3888888888888889,0.0,0.0,3.4545454545454546
4501ea0995,8370,25,1,12,0,43,71,NOPROMO,CARD,0.0,0.0,0.0,0.0,0.0,0.0,0.0,0.0,0.0,0.0,0.0,0.0,0.0,153.92,0.0,3,0,0,0,0,0,0,0,0,0,0,0,0,0,0,0,0,0,0,0,0,1,2,0,0,0,0,0,0,0,153.92,3,Gen_Z,3,0,0,0,3,0,0.7888888888888889,0.03333333333333333,51.306666666666665,0,8,0.0,0.0,0.0,0.0,153.92,0.0,0.0,0.0,0.0,0.0,0.0,0.0,0.0,0.0,0.0,0.0,0.0,0.0,1.0,0.0,0.0,0.0,0.0,0.0,1.0,0.0,1.0,0.0,0.0,0.0,1.0,0.0,12.0
93185a9947,2360,23,1,9,2,44,87,NOPROMO,CARD,0.0,0.0,0.0,0.0,0.0,0.0,0.0,0.0,0.0,0.0,0.0,0.0,56.13,0.0,0.0,0,1,1,0,0,0,0,0,0,0,0,0,0,0,0,0,0,0,0,2,0,0,0,0,0,0,0,0,0,0,56.13,2,Gen_Z,0,2,0,0,2,0,0.9666666666666667,0.022222222222222223,28.065,0,2,0.0,0.0,56.13,56.13,0.0,0.0,0.0,0.0,0.0,0.0,0.0,0.0,0.0,0.0,0.0,0.0,0.0,1.0,0.0,0.0,0.0,0.0,1.0,1.0,0.0,1.0,0.0,1.0,0.0,0.0,1.0,0.0,9.0
03ea5b1605,8670,31,2,9,1,45,53,DELIVERY,CASH,0.0,0.0,0.0,0.0,0.0,0.0,0.0,0.0,0.0,0.0,30.36,0.0,0.0,123.45,0.0,0,0,1,1,0,0,0,0,0,0,0,0,0,1,1,0,0,0,0,0,0,0,0,0,0,0,0,0,0,0,153.81,2,Millennials,0,2,0,2,0,0,0.5888888888888889,0.022222222222222223,76.905,1,8,30.36,0.0,0.0,30.36,123.45,0.0,0.0,0.0,0.0,0.0,0.0,0.0,0.0,0.0,0.0,0.19738638580066314,0.0,0.0,0.8026136141993369,0.0,0.19738638580066314,0.0,0.0,0.19738638580066314,0.8026136141993369,0.5,0.0,1.0,0.0,1.0,0.0,0.0,4.5
524b0fd2a3,8670,35,1,9,0,46,81,DISCOUNT,CASH,0.0,0.0,137.06,0.0,0.0,0.0,0.0,0.0,0.0,0.0,0.0,0.0,0.0,0.0,0.0,0,1,0,2,0,0,0,0,0,0,0,0,2,1,0,0,0,0,0,0,0,0,0,0,0,0,0,0,0,0,137.06,3,Millennials,0,3,0,3,0,0,0.9,0.03333333333333333,45.68666666666667,1,8,0.0,0.0,0.0,0.0,137.06,0.0,0.0,1.0,0.0,0.0,0.0,0.0,0.0,0.0,0.0,0.0,0.0,0.0,0.0,0.0,0.0,0.0,0.0,0.0,1.0,0.0,0.0,1.0,0.0,1.0,0.0,0.0,9.0
2b6806946f,8670,28,1,9,0,47,47,FREEBIE,CASH,0.0,0.0,0.0,0.0,0.0,0.0,0.0,0.0,0.0,0.0,0.0,0.0,0.0,121.64,0.0,0,0,0,0,4,0,0,0,0,0,0,0,0,0,0,0,0,0,0,0,2,2,0,0,0,0,0,0,0,0,121.64,4,Millennials,0,4,0,0,4,0,0.5222222222222223,0.044444444444444446,30.41,1,8,0.0,0.0,0.0,0.0,121.64,0.0,0.0,0.0,0.0,0.0,0.0,0.0,0.0,0.0,0.0,0.0,0.0,0.0,1.0,0.0,0.0,0.0,0.0,0.0,1.0,0.0,0.0,1.0,0.0,0.0,1.0,0.0,9.0
b6ff01c871,8670,31,1,11,0,47,71,NOPROMO,DIGI,0.0,143.63,0.0,0.0,0.0,0.0,0.0,0.0,0.0,0.0,0.0,0.0,0.0,0.0,0.0,1,0,2,0,2,0,0,0,4,1,0,0,0,0,0,0,0,0,0,0,0,0,0,0,0,0,0,0,0,0,143.63,5,Millennials,1,4,5,0,0,0,0.7888888888888889,0.05555555555555555,28.726,0,8,143.63,0.0,0.0,143.63,0.0,0.0,1.0,0.0,0.0,0.0,0.0,0.0,0.0,0.0,0.0,0.0,0.0,0.0,0.0,0.0,1.0,0.0,0.0,1.0,0.0,0.0,0.2,0.8,1.0,0.0,0.0,0.0,11.0
e33a106ec6,2360,24,1,14,0,49,49,DISCOUNT,CARD,0.0,0.0,0.0,0.0,0.0,0.0,0.0,0.0,113.91,0.0,0.0,0.0,0.0,0.0,0.0,0,0,0,0,0,0,3,0,0,0,0,0,0,0,0,0,0,0,0,0,0,0,1,2,0,0,0,0,0,0,113.91,3,Gen_Z,3,0,0,0,3,0,0.5444444444444444,0.03333333333333333,37.97,1,2,113.91,0.0,0.0,113.91,0.0,0.0,0.0,0.0,0.0,0.0,0.0,0.0,0.0,1.0,0.0,0.0,0.0,0.0,0.0,0.0,1.0,0.0,0.0,1.0,0.0,0.0,1.0,0.0,0.0,0.0,1.0,0.0,14.0
25dab057ee,8670,34,2,11,1,51,64,NOPROMO,CARD,0.0,0.0,0.0,0.0,0.0,0.0,0.0,0.0,0.0,0.0,0.0,0.0,0.0,143.5,0.0,2,1,0,0,0,0,1,0,0,0,0,0,0,0,0,0,0,1,0,1,2,0,0,0,0,0,0,0,0,0,143.5,4,Millennials,3,1,0,1,3,0,0.7111111111111111,0.044444444444444446,35.875,0,8,0.0,0.0,0.0,0.0,143.5,0.0,0.0,0.0,0.0,0.0,0.0,0.0,0.0,0.0,0.0,0.0,0.0,0.0,1.0,0.0,0.0,0.0,0.0,0.0,1.0,0.25,0.75,0.25,0.0,0.25,0.75,0.0,5.5
dc93599637,8670,31,3,12,0,52,85,NOPROMO,CARD,0.0,197.4,0.0,0.0,0.0,0.0,0.0,0.0,0.0,0.0,0.0,0.0,0.0,0.0,0.0,1,0,1,1,0,0,0,0,1,2,0,0,0,0,0,0,0,0,0,0,0,0,0,0,0,0,0,0,0,0,197.4,3,Millennials,1,2,3,0,0,0,0.9444444444444444,0.03333333333333333,65.8,0,8,197.4,0.0,0.0,197.4,0.0,0.0,1.0,0.0,0.0,0.0,0.0,0.0,0.0,0.0,0.0,0.0,0.0,0.0,0.0,0.0,1.0,0.0,0.0,1.0,0.0,0.0,0.3333333333333333,0.6666666666666666,1.0,0.0,0.0,0.0,4.0
c91ca00770,8670,21,1,9,0,52,89,NOPROMO,CASH,0.0,0.0,0.0,0.0,0.0,0.0,0.0,0.0,0.0,0.0,0.0,0.0,0.0,129.77,0.0,0,0,2,1,1,0,0,0,0,0,0,0,0,0,0,0,0,0,0,0,3,1,0,0,0,0,0,0,0,0,129.77,4,Gen_Z,0,4,0,0,4,0,0.9888888888888889,0.044444444444444446,32.4425,0,8,0.0,0.0,0.0,0.0,129.77,0.0,0.0,0.0,0.0,0.0,0.0,0.0,0.0,0.0,0.0,0.0,0.0,0.0,1.0,0.0,0.0,0.0,0.0,0.0,1.0,0.0,0.0,1.0,0.0,0.0,1.0,0.0,9.0
2b9efda881,8370,22,2,11,1,56,69,NOPROMO,CARD,0.0,0.0,0.0,0.0,0.0,0.0,0.0,0.0,0.0,0.0,0.0,0.0,0.0,153.29,0.0,0,0,1,0,0,1,1,0,0,0,0,0,0,0,0,1,0,1,0,0,1,0,0,0,0,0,0,0,0,0,153.29,3,Gen_Z,1,2,0,2,1,0,0.7666666666666667,0.03333333333333333,51.096666666666664,0,8,0.0,0.0,0.0,0.0,153.29,0.0,0.0,0.0,0.0,0.0,0.0,0.0,0.0,0.0,0.0,0.0,0.0,0.0,1.0,0.0,0.0,0.0,0.0,0.0,1.0,0.3333333333333333,0.3333333333333333,0.6666666666666666,0.0,0.6666666666666666,0.3333333333333333,0.0,5.5
12d52ec210,8670,21,1,8,3,75,89,NOPROMO,CARD,0.0,0.0,110.77,0.0,0.0,0.0,0.0,0.0,0.0,0.0,0.0,0.0,0.0,0.0,0.0,0,0,0,0,2,1,0,0,0,0,0,1,0,0,1,0,0,0,1,0,0,0,0,0,0,0,0,0,0,0,110.77,3,Gen_Z,0,3,1,1,1,0,0.9888888888888889,0.03333333333333333,36.92333333333333,0,8,0.0,0.0,0.0,0.0,110.77,0.0,0.0,1.0,0.0,0.0,0.0,0.0,0.0,0.0,0.0,0.0,0.0,0.0,0.0,0.0,0.0,0.0,0.0,0.0,1.0,1.0,0.0,1.0,0.3333333333333333,0.3333333333333333,0.3333333333333333,0.0,8.0
0bfd72813a,8670,26,2,8,2,80,82,FREEBIE,DIGI,38.43,0.0,0.0,0.0,0.0,0.0,0.0,0.0,0.0,0.0,93.06,0.0,0.0,0.0,0.0,0,0,1,0,1,0,0,0,0,0,0,0,0,0,0,0,1,0,1,0,0,0,0,0,0,0,0,0,0,0,131.49,2,Millennials,0,2,0,1,1,0,0.9111111111111111,0.022222222222222223,65.745,1,8,93.06,38.43,0.0,131.49,0.0,0.2922655715263518,0.0,0.0,0.0,0.0,0.0,0.0,0.0,0.0,0.0,0.7077344284736482,0.0,0.0,0.0,0.0,0.7077344284736482,0.2922655715263518,0.0,1.0,0.0,1.0,0.0,1.0,0.0,0.5,0.5,0.0,4.0
